URL,Remark,,
https://psu.deltaww.com/product/index/din-rail-power-supply/1/2,OK,,
https://psu.deltaww.com/product/index/panel-mount-power-supply/2/2,OK,,
https://psu.deltaww.com/product/index/open-frame-power-supply/3/2,OK,,
https://psu.deltaww.com/product/index/adapter/8/2,OK,,
https://psu.deltaww.com/product/index/modules/5/2,OK,,
https://psu.deltaww.com/product/index/open-frame-power-supply/3/1,OK,,
https://psu.deltaww.com/product/index/enclosed/9/1,OK,,
https://psu.deltaww.com/product/index/adapter/8/1,OK,,
https://psu.deltaww.com/product/index/CC+Cv_Mode/1/3,OK,,
https://psu.deltaww.com/product/index/CC_Mode/2/3,OK,,
https://psu.deltaww.com/product/index/CV_Mode/3/3,OK,,
https://psu.deltaww.com/product/index/configurable-power-supply/7/1,Anchor text doesn't work on product categories page,,
https://psu.deltaww.com/product/index/configurable-power-supply/7/2,Anchor text doesn't work on product categories page,,
https://psu.deltaww.com/product/index/wireless-charging-system/10/4,Anchor text doesn't work on product categories page,,
https://psu.deltaww.com/en/product/din-rail-power-supply/1,Set 301 redirect to new link,https://psu.deltaww.com/en/product/2/din-rail-power-supply/1,
https://psu.deltaww.com/en/product/din-rail-power-supply/1/force-gt/108,Set 301 redirect to new link,https://psu.deltaww.com/en/product/2/din-rail-power-supply/1/force-gt/108,
https://psu.deltaww.com/en/product/din-rail-power-supply/1/lyte-ii/90,Set 301 redirect to new link,https://psu.deltaww.com/en/product/2/din-rail-power-supply/1/lyte-ii/90,
https://psu.deltaww.com/en/product/din-rail-power-supply/1/chrome-ii/99,Set 301 redirect to new link,https://psu.deltaww.com/en/product/2/din-rail-power-supply/1/chrome-ii/99,
https://psu.deltaww.com/en/product/din-rail-power-supply/1/cliq-iii/29,Set 301 redirect to new link,https://psu.deltaww.com/en/product/2/din-rail-power-supply/1/cliq-iii/29,
https://psu.deltaww.com/en/product/din-rail-power-supply/1/cliq-m/2,Set 301 redirect to new link,https://psu.deltaww.com/en/product/2/din-rail-power-supply/1/cliq-m/2,
https://psu.deltaww.com/en/product/din-rail-power-supply/1/cliq-va/30,Set 301 redirect to new link,https://psu.deltaww.com/en/product/2/din-rail-power-supply/1/cliq-va/30,
https://psu.deltaww.com/en/product/din-rail-power-supply/1/lyte/21,Set 301 redirect to new link,https://psu.deltaww.com/en/product/2/din-rail-power-supply/1/lyte/21,
https://psu.deltaww.com/en/product/din-rail-power-supply/1/chrome/3,Set 301 redirect to new link,https://psu.deltaww.com/en/product/2/din-rail-power-supply/1/chrome/3,
https://psu.deltaww.com/en/product/din-rail-power-supply/1/sync/4,Set 301 redirect to new link,https://psu.deltaww.com/en/product/2/din-rail-power-supply/1/sync/4,
https://psu.deltaww.com/en/product/din-rail-power-supply/1/cliq-ii/1,Set 301 redirect to new link,https://psu.deltaww.com/en/product/2/din-rail-power-supply/1/cliq-ii/1,
https://psu.deltaww.com/en/product/panel-mount-power-supply/2,Set 301 redirect to new link,https://psu.deltaww.com/en/product/2/panel-mount-power-supply/2,
https://psu.deltaww.com/en/product/panel-mount-power-supply/2/pms/117,Set 301 redirect to new link,https://psu.deltaww.com/en/product/2/panel-mount-power-supply/2/pms/117,
https://psu.deltaww.com/en/product/panel-mount-power-supply/2/pmr/9,Set 301 redirect to new link,https://psu.deltaww.com/en/product/2/panel-mount-power-supply/2/pmr/9,
https://psu.deltaww.com/en/product/panel-mount-power-supply/2/pmt2/32,Set 301 redirect to new link,https://psu.deltaww.com/en/product/2/panel-mount-power-supply/2/pmt2/32,
https://psu.deltaww.com/en/product/panel-mount-power-supply/2/pmt2-eco-%28high-line%29/111,Set 301 redirect to new link,https://psu.deltaww.com/en/product/2/panel-mount-power-supply/2/pmt2-eco-%28high-line%29/111,
https://psu.deltaww.com/en/product/panel-mount-power-supply/2/pmu/25,Set 301 redirect to new link,https://psu.deltaww.com/en/product/2/panel-mount-power-supply/2/pmu/25,
https://psu.deltaww.com/en/product/panel-mount-power-supply/2/pmt/6,Set 301 redirect to new link,https://psu.deltaww.com/en/product/2/panel-mount-power-supply/2/pmt/6,
https://psu.deltaww.com/en/product/panel-mount-power-supply/2/pmh/8,Set 301 redirect to new link,https://psu.deltaww.com/en/product/2/panel-mount-power-supply/2/pmh/8,
https://psu.deltaww.com/en/product/panel-mount-power-supply/2/pmf/7,Set 301 redirect to new link,https://psu.deltaww.com/en/product/2/panel-mount-power-supply/2/pmf/7,
https://psu.deltaww.com/en/product/panel-mount-power-supply/2/pmc/5,Set 301 redirect to new link,https://psu.deltaww.com/en/product/2/panel-mount-power-supply/2/pmc/5,
https://psu.deltaww.com/en/product/open-frame-power-supply/3,Set 301 redirect to new link,https://psu.deltaww.com/en/product/2/open-frame-power-supply/3,
https://psu.deltaww.com/en/product/open-frame-power-supply/3/pj/10,Set 301 redirect to new link,https://psu.deltaww.com/en/product/2/open-frame-power-supply/3/pj/10,
https://psu.deltaww.com/en/product/open-frame-power-supply/3/pjb/11,Set 301 redirect to new link,https://psu.deltaww.com/en/product/2/open-frame-power-supply/3/pjb/11,
https://psu.deltaww.com/en/product/open-frame-power-supply/3/pjt/12,Set 301 redirect to new link,https://psu.deltaww.com/en/product/2/open-frame-power-supply/3/pjt/12,
https://psu.deltaww.com/en/product/open-frame-power-supply/3/pju/35,Set 301 redirect to new link,https://psu.deltaww.com/en/product/2/open-frame-power-supply/3/pju/35,
https://psu.deltaww.com/en/product/open-frame-power-supply/3/pjb/11,Set 301 redirect to new link,https://psu.deltaww.com/en/product/2/open-frame-power-supply/3/pjb/11,
https://psu.deltaww.com/en/product/open-frame-power-supply/3/pjh/42,Set 301 redirect to new link,https://psu.deltaww.com/en/product/2/open-frame-power-supply/3/pjh/42,
https://psu.deltaww.com/en/product/open-frame-power-supply/3/pjl/43,Set 301 redirect to new link,https://psu.deltaww.com/en/product/2/open-frame-power-supply/3/pjl/43,
https://psu.deltaww.com/en/product/adapter/8,Set 301 redirect to new link,https://psu.deltaww.com/en/product/2/adapter/8,
https://psu.deltaww.com/en/product/adapter/8/adt/39,Set 301 redirect to new link,https://psu.deltaww.com/en/product/2/adapter/8/adt/39,
https://psu.deltaww.com/en/product/modules/5,Set 301 redirect to new link,https://psu.deltaww.com/en/product/2/modules/5,
https://psu.deltaww.com/en/product/modules/5/cliq-m-dc-ups-modules/102,Set 301 redirect to new link,https://psu.deltaww.com/en/product/2/modules/5/cliq-m-dc-ups-modules/102,
https://psu.deltaww.com/en/product/modules/5/chrome-dc-ups-module/48,Set 301 redirect to new link,https://psu.deltaww.com/en/product/2/modules/5/chrome-dc-ups-module/48,
https://psu.deltaww.com/en/product/modules/5/cliq-ii-redundancy-modules/16,Set 301 redirect to new link,https://psu.deltaww.com/en/product/2/modules/5/cliq-ii-redundancy-modules/16,
https://psu.deltaww.com/en/product/modules/5/cliq-ii-buffer-modules/15,Set 301 redirect to new link,https://psu.deltaww.com/en/product/2/modules/5/cliq-ii-buffer-modules/15,
https://psu.deltaww.com/en/product/modules/5/cliq-m-battery-module-%28without-battery%29/103,Set 301 redirect to new link,https://psu.deltaww.com/en/product/2/modules/5/cliq-m-battery-module-%28without-battery%29/103,
https://psu.deltaww.com/en/product/modules/5/cliq-ii-dc-ups-module/17,Set 301 redirect to new link,https://psu.deltaww.com/en/product/2/modules/5/cliq-ii-dc-ups-module/17,
https://psu.deltaww.com/en/product/open-frame-power-supply/3/mds-open-frame/13,Set 301 redirect to new link,https://psu.deltaww.com/en/product/1/open-frame-power-supply/3/mds-open-frame/13,
https://psu.deltaww.com/en/product/open-frame-power-supply/3/meu/46,Set 301 redirect to new link,https://psu.deltaww.com/en/product/1/open-frame-power-supply/3/meu/46,
https://psu.deltaww.com/en/product/open-frame-power-supply/3/mep/44,Set 301 redirect to new link,https://psu.deltaww.com/en/product/1/open-frame-power-supply/3/mep/44,
https://psu.deltaww.com/en/product/enclosed/9,Set 301 redirect to new link,https://psu.deltaww.com/en/product/1/enclosed/9,
https://psu.deltaww.com/en/product/enclosed/9/ima/20,Set 301 redirect to new link,https://psu.deltaww.com/en/product/1/enclosed/9/ima/20,
https://psu.deltaww.com/en/product/enclosed/9/mds-atx/68,Set 301 redirect to new link,https://psu.deltaww.com/en/product/1/enclosed/9/mds-atx/68,
https://psu.deltaww.com/en/product/enclosed/9/mep-enclosed/112,Set 301 redirect to new link,https://psu.deltaww.com/en/product/1/enclosed/9/mep-enclosed/112,
https://psu.deltaww.com/en/product/enclosed/9/mds-enclosed/23,Set 301 redirect to new link,https://psu.deltaww.com/en/product/1/enclosed/9/mds-enclosed/23,
https://psu.deltaww.com/en/product/enclosed/9/meb/45,Set 301 redirect to new link,https://psu.deltaww.com/en/product/1/enclosed/9/meb/45,
https://psu.deltaww.com/en/product/configurable-power-supply/7,Set 301 redirect to new link,https://psu.deltaww.com/en/product/5,
https://psu.deltaww.com/en/product/Configurable-Power/7,Set 301 redirect to new link,https://psu.deltaww.com/en/product/5,
https://psu.deltaww.com/en/product/wireless-charging-system/10,Set 301 redirect to new link,https://psu.deltaww.com/en/product/4,
https://psu.deltaww.com/en/product/wireless-charging-system/11,Set 301 redirect to new link,https://psu.deltaww.com/en/product/4/wireless-charging-system/11,
https://psu.deltaww.com/en/product/wireless-charging-system/11/moovair-01/114,Set 301 redirect to new link,https://psu.deltaww.com/en/product/4/wireless-charging-system/11/moovair-01/114,
https://psu.deltaww.com/en/product/wireless-charging-system/11/moovair-03/115,Set 301 redirect to new link,https://psu.deltaww.com/en/product/4/wireless-charging-system/11/moovair-03/115,
https://psu.deltaww.com/en/product/wireless-charging-system/11/moovair-10/120,Set 301 redirect to new link,https://psu.deltaww.com/en/product/4/wireless-charging-system/11/moovair-10/120,
https://psu.deltaww.com/en/product/wireless-charging-system/11/moovair-30/121,Set 301 redirect to new link,https://psu.deltaww.com/en/product/4/wireless-charging-system/11/moovair-30/121,
https://psu.deltaww.com/en/product/led-driver/6,Set 301 redirect to new link,https://psu.deltaww.com/en/product/3,
https://psu.deltaww.com/en/product/3/led-driver/6,Set 301 redirect to new link,https://psu.deltaww.com/en/product/3,
https://psu.deltaww.com/en/product/led-driver/6/lne/18,Set 301 redirect to new link,https://psu.deltaww.com/en/product/3/cc-cv-mode/1/lne/18,
https://psu.deltaww.com/en/product/led-driver/6/lne/24,Set 301 redirect to new link,https://psu.deltaww.com/en/product/3/cc-cv-mode/1/lnv/24,
https://psu.deltaww.com/en/product/led-driver/6/lna-arena-sport/116,Set 301 redirect to new link,https://psu.deltaww.com/en/product/3/cc-mode/2/lna-arena-sport/116,
https://psu.deltaww.com/en/product/led-driver/6/euco-arena-sport/86,Set 301 redirect to new link,https://psu.deltaww.com/en/product/3/cc-mode/2/euco-arena-sport/86,
https://psu.deltaww.com/en/product/led-driver/6/euci-premium/110,Set 301 redirect to new link,https://psu.deltaww.com/en/product/3/cc-mode/2/euci-premium/110,
https://psu.deltaww.com/en/product/led-driver/6/euci-lite/105,Set 301 redirect to new link,https://psu.deltaww.com/en/product/3/cc-mode/2/euci-lite/105,
https://psu.deltaww.com/en/product/led-driver/6/euci-basic/113,Set 301 redirect to new link,https://psu.deltaww.com/en/product/3/cc-mode/2/euci-basic/113,
https://psu.deltaww.com/en/product/led-driver/6/usci-linear/89,Set 301 redirect to new link,https://psu.deltaww.com/en/product/3/cc-mode/2/usci-linear/89,
https://psu.deltaww.com/en/product/led-driver/6/usci-lite/104,Set 301 redirect to new link,https://psu.deltaww.com/en/product/3/cc-mode/2/usci-lite/104,
https://psu.deltaww.com/en/product/led-driver/6/usc4-lite/109,Set 301 redirect to new link,https://psu.deltaww.com/en/product/3/cc-mode/2/usc4-lite/109,
https://psu.deltaww.com/en/product/led-driver/6/usci-pro/33,Set 301 redirect to new link,https://psu.deltaww.com/en/product/3/cc-mode/2/usci-pro/33,
https://psu.deltaww.com/en/product/led-driver/6/usco-pro/34,Set 301 redirect to new link,https://psu.deltaww.com/en/product/3/cc-mode/2/usco-pro/34,
https://psu.deltaww.com/en/product/led-driver/6/euco-pro/37,Set 301 redirect to new link,https://psu.deltaww.com/en/product/3/cc-mode/2/euco-pro/37,
https://psu.deltaww.com/en/product/led-driver/6/euci-mini/52,Set 301 redirect to new link,https://psu.deltaww.com/en/product/3/cc-mode/2/euci-mini/52,
https://psu.deltaww.com/en/product/led-driver/6/usct-linear/75,Set 301 redirect to new link,https://psu.deltaww.com/en/product/3/cc-mode/2/usct-linear/75,
https://psu.deltaww.com/en/product/led-driver/6/usc4-pro/77,Set 301 redirect to new link,https://psu.deltaww.com/en/product/3/cc-mode/2/usc4-pro/77,
https://psu.deltaww.com/en/product/led-driver/6/lnr/118,Set 301 redirect to new link,https://psu.deltaww.com/en/product/3/cv-mode/3/lnr/118,
https://psu.deltaww.com/en/product/led-driver/6/jpvi-s12/106,Set 301 redirect to new link,https://psu.deltaww.com/en/product/3/cv-mode/3/jpvi-s12/106,
https://psu.deltaww.com/en/product/led-driver/6/jpvi-s24/101,Set 301 redirect to new link,https://psu.deltaww.com/en/product/3/cv-mode/3/jpvi-s24/101,
https://psu.deltaww.com/en/product/led-driver/6/jpvo-s12/107,Set 301 redirect to new link,https://psu.deltaww.com/en/product/3/cv-mode/3/jpvo-s12/107,
https://psu.deltaww.com/en/product/led-driver/6/jpvo-s24/100,Set 301 redirect to new link,https://psu.deltaww.com/en/product/3/cv-mode/3/jpvo-s24/100,
https://psu.deltaww.com/en/product/led-driver/6/usvi-s12/81,Set 301 redirect to new link,https://psu.deltaww.com/en/product/3/cv-mode/3/usvi-s12/81,
https://psu.deltaww.com/en/product/led-driver/6/usvi-s24/80,Set 301 redirect to new link,https://psu.deltaww.com/en/product/3/cv-mode/3/usvi-s24/80,
https://psu.deltaww.com/en/product/led-driver/6/usvi-rdl/83,Set 301 redirect to new link,https://psu.deltaww.com/en/product/3/cv-mode/3/usvi-rdl/83,
https://psu.deltaww.com/medias/categories/,Should not be accessible?,,
https://psu.deltaww.com/frontend-asset/fontNews/Inter-Regular.woff,Should not be accessible?,,
https://psu.deltaww.com/frontend-asset/fonts/noto-sans-sc-v26-chinese-simplified-regular.ttf,Should not be accessible?,,
https://psu.deltaww.com/frontend-asset/fonts/noto-sans-sc-v26-chinese-simplified-500.ttf,Should not be accessible?,,
https://psu.deltaww.com/frontend-asset/fonts/noto-sans-sc-v26-chinese-simplified-700.ttf,Should not be accessible?,,
https://psu.deltaww.com/frontend-asset/fonts/noto-sans-tc-v26-chinese-traditional-regular.ttf,Should not be accessible?,,
https://psu.deltaww.com/frontend-asset/fonts/noto-sans-tc-v26-chinese-traditional-500.ttf,Should not be accessible?,,
https://psu.deltaww.com/frontend-asset/fonts/noto-sans-tc-v26-chinese-traditional-700.ttf,Should not be accessible?,,
https://psu.deltaww.com/frontend-asset/fonts/noto-sans-jp-v42-japanese-500.ttf,Should not be accessible?,,
https://psu.deltaww.com/frontend-asset/fonts/noto-sans-jp-v42-japanese-regular.ttf,Should not be accessible?,,
https://psu.deltaww.com/frontend-asset/fonts/noto-sans-jp-v42-japanese-700.ttf,Should not be accessible?,,
https://psu.deltaww.com/frontend-asset/css/owl.video.play.png,Should not be accessible?,,
https://psu.deltaww.com/path/to/your/abstract-image.jpg,Should not be accessible?,,
https://img.youtube.com/vi/mbed/Lw-GlHwvVtQ/0.jpg,Should not be accessible?,,
https://psu.deltaww.com/cn/checkProductSection,Page doesn't exist,,
https://psu.deltaww.com/cn/clearproductsection,Page doesn't exist,,
https://psu.deltaww.com/cn/delta-launches-din-rail-power-supply-chrome-ii-series-with-compact-design-for-building-automation-and-household-appliances,Set 301 redirect to new link,https://psu.deltaww.com/cn/news/delta-launches-din-rail-power-supply-chrome-ii-series-with-compact-design-for-building-automation-and-household-appliances,
https://psu.deltaww.com/cn/eol/lne-100-w---185-w-series-end-of-life-eol,Set 301 redirect to new link,https://psu.deltaww.com/cn/eol/lne-100-w-185-w-series-end-of-life-eol,
https://psu.deltaww.com/cn/events/product=,Page doesn't exist,,
https://psu.deltaww.com/cn/getProById,Page doesn't exist,,
https://psu.deltaww.com/cn/getProductByType,Page doesn't exist,,
https://psu.deltaww.com/cn/loaddocumentPro,Page doesn't exist,,
https://psu.deltaww.com/cn/loadImageProByArr,Page doesn't exist,,
https://psu.deltaww.com/cn/loadnewPerti,Page doesn't exist,,
https://psu.deltaww.com/cn/news/additional-safety-marks-mea-250a24c,Set 301 redirect to new link,https://psu.deltaww.com/cn/product-notice/additional-safety-marks-mea-250a24c,
https://psu.deltaww.com/cn/news/cliq-and-pmc-series-end-of-life-eol,Set 301 redirect to new link,https://psu.deltaww.com/cn/eol/cliq-and-pmc-series-end-of-life-eol,
https://psu.deltaww.com/cn/news/CliQ-and-PMC-Series-End-of-Life-EOL,Set 301 redirect to new link,https://psu.deltaww.com/cn/eol/cliq-and-pmc-series-end-of-life-eol,
https://psu.deltaww.com/cn/news/cliq-m-dc-ups-modules-product-change-notice-pcn-23-002,Set 301 redirect to new link,https://psu.deltaww.com/cn/product-notice/cliq-m-dc-ups-modules-product-change-notice-pcn-23-002,
https://psu.deltaww.com/cn/news/CliQ-M-DC-UPS-Modules-Product-Change-Notice-PCN-23-002,Set 301 redirect to new link,https://psu.deltaww.com/cn/product-notice/cliq-m-dc-ups-modules-product-change-notice-pcn-23-002,
https://psu.deltaww.com/cn/news/daisy-chaining-for-parallel-connection-of-din-rail-power-supplies-considerations-and-limitations,Set 301 redirect to new link,https://psu.deltaww.com/cn/industry-know-how/daisy-chaining-for-parallel-connection-of-din-rail-power-supplies-considerations-and-limitations,
https://psu.deltaww.com/cn/news/delta-industrial-power-supply-certificate-upgrade-notice-2022-012,Set 301 redirect to new link,https://psu.deltaww.com/cn/product-notice/delta-industrial-power-supply-certificate-upgrade-notice-2022-012,
https://psu.deltaww.com/cn/news/Delta-Industrial-Power-Supply-Product-Change-Notice-2022-005,Set 301 redirect to new link,https://psu.deltaww.com/cn/product-notice/delta-industrial-power-supply-product-change-notice-2022-005,
https://psu.deltaww.com/cn/news/delta-industrial-power-supply-product-change-notice-2022-005,Set 301 redirect to new link,https://psu.deltaww.com/cn/product-notice/delta-industrial-power-supply-product-change-notice-2022-005,
https://psu.deltaww.com/cn/news/delta-introduces-the-new-2000-w-model-for-the-ima-plus-series-power-supply-with-3000-w-peak-power,Set 301 redirect to new link,https://psu.deltaww.com/cn/news/delta-introduces-the-new-2-000-w-model-for-the-ima-plus-series-power-supply-with-3-000-w-peak-power,
https://psu.deltaww.com/cn/news/Delta-Introduces-the-New-2000-W-Model-for-the-IMA-PLUS-Series-Power-Supply-with-3000-W-Peak-Power,Set 301 redirect to new link,https://psu.deltaww.com/cn/news/delta-introduces-the-new-2-000-w-model-for-the-ima-plus-series-power-supply-with-3-000-w-peak-power,
https://psu.deltaww.com/cn/news/Delta-LED-Drivers-USCO-PRO-and-USC4-PRO-Series--New-320-W-and-600-W-Models-for-Harsh-and-Industrial-Environments,Set 301 redirect to new link,https://psu.deltaww.com/cn/news/delta-led-drivers-usco-pro-and-usc4-pro-series-new-320-w-and-600-w-models-for-harsh-and-industrial-environments,
https://psu.deltaww.com/cn/news/delta-led-drivers-usco-pro-and-usc4-pro-series--new-320-w-and-600-w-models-for-harsh-and-industrial-environments,Set 301 redirect to new link,https://psu.deltaww.com/cn/news/delta-led-drivers-usco-pro-and-usc4-pro-series-new-320-w-and-600-w-models-for-harsh-and-industrial-environments,
https://psu.deltaww.com/cn/news/delta-medical-power-supplies-certificate-upgrade-notice-iec-60601-1-edition-3-2,Set 301 redirect to new link,https://psu.deltaww.com/cn/product-notice/delta-medical-power-supplies-certificate-upgrade-notice-iec-60601-1-edition-3-2,
https://psu.deltaww.com/cn/news/delta-medical-power-supplies-certificate-upgrade-notice--iec-60601-1-edition-32,Set 301 redirect to new link,https://psu.deltaww.com/cn/product-notice/delta-medical-power-supplies-certificate-upgrade-notice-iec-60601-1-edition-3-2,
https://psu.deltaww.com/cn/news/enhancing-applications-with-force-gt-series-high-efficiency-din-rail-power-supplies,Set 301 redirect to new link,https://psu.deltaww.com/cn/industry-know-how/enhancing-applications-with-force-gt-series-high-efficiency-din-rail-power-supplies,
https://psu.deltaww.com/cn/news/indoor-outdoor-signage--and--rdl-led-driver-series-end-of-life-products-eol,Set 301 redirect to new link,https://psu.deltaww.com/cn/eol/indoor-outdoor-signage-rdl-led-driver-series-end-of-life-products-eol,
https://psu.deltaww.com/cn/news/Indoor-Outdoor-Signage--and--RDL-LED-Driver-Series-End-of-Life-Products-EOL,Set 301 redirect to new link,https://psu.deltaww.com/cn/eol/indoor-outdoor-signage-rdl-led-driver-series-end-of-life-products-eol,
https://psu.deltaww.com/cn/news/industrial-power-supplies-end-of-life-eol-notice,Set 301 redirect to new link,https://psu.deltaww.com/cn/eol/industrial-power-supplies-end-of-life-eol-notice,
https://psu.deltaww.com/cn/news/isolation-level-and-emc-considerations-for-medical-power-supplies,Set 301 redirect to new link,https://psu.deltaww.com/cn/industry-know-how/isolation-level-and-emc-considerations-for-medical-power-supplies,
https://psu.deltaww.com/cn/news/led-drivers-end-of-life-eol-notice,Set 301 redirect to new link,https://psu.deltaww.com/cn/eol/led-drivers-end-of-life-eol-notice,
https://psu.deltaww.com/cn/news/medical-grade-power-supplies-for-advanced-industrial-and-household-appliance-applications,Set 301 redirect to new link,https://psu.deltaww.com/cn/industry-know-how/medical-grade-power-supplies-for-advanced-industrial-and-household-appliance-applications,
https://psu.deltaww.com/cn/news/Medical-grade-Power-Supplies-for-Advanced-Industrial-and-Household-Appliance-Applications,Set 301 redirect to new link,https://psu.deltaww.com/cn/industry-know-how/medical-grade-power-supplies-for-advanced-industrial-and-household-appliance-applications,
https://psu.deltaww.com/cn/news/medical-mds-400aus19-ba-mds-400aus19-bb-and-mds-400aus24-ba-series-product-change-notice,Set 301 redirect to new link,https://psu.deltaww.com/cn/product-notice/medical-mds-400aus19-ba-mds-400aus19-bb-and-mds-400aus24-ba-series-product-change-notice,
https://psu.deltaww.com/cn/news/medical-meb-1k5a24t-aaa-product-change-notice,Set 301 redirect to new link,https://psu.deltaww.com/cn/product-notice/medical-meb-1k5a24t-aaa-product-change-notice,
https://psu.deltaww.com/cn/news/medical-product-upgrade-notice-2022-009,Set 301 redirect to new link,https://psu.deltaww.com/cn/product-notice/medical-product-upgrade-notice-2022-009,
https://psu.deltaww.com/cn/news/Medical-Product-Upgrade-Notice-2022-009,Set 301 redirect to new link,https://psu.deltaww.com/cn/product-notice/medical-product-upgrade-notice-2022-009,
https://psu.deltaww.com/cn/news/medical-product-upgrade-to-chinas-latest-safety--and--emc-standards-pcn-23-006,Set 301 redirect to new link,https://psu.deltaww.com/cn/product-notice/medical-product-upgrade-to-china-s-latest-safety-emc-standards-pcn-23-006,
https://psu.deltaww.com/cn/news/Medical-Product-Upgrade-to-Chinas-Latest-Safety--and--EMC-Standards-PCN-23-006,Set 301 redirect to new link,https://psu.deltaww.com/cn/product-notice/medical-product-upgrade-to-china-s-latest-safety-emc-standards-pcn-23-006,
https://psu.deltaww.com/cn/news/new-delta-st-ard-power-supplies-2014-catalog-is-now-available,"Set 410 ""Gone"" status code",,
https://psu.deltaww.com/cn/news/New-Delta-St-ard-Power-Supplies-2014-Catalog-is-Now-Available,"Set 410 ""Gone"" status code",,
https://psu.deltaww.com/cn/news/new-delta-st-ard-power-supplies-catalog-april-2016-edition-is-now-available,"Set 410 ""Gone"" status code",,
https://psu.deltaww.com/cn/news/new-delta-st-ard-power-supplies-catalog---leaflets-october-2017-edition-are-now-available,"Set 410 ""Gone"" status code",,
https://psu.deltaww.com/cn/news/New-Delta-St-ard-Power-Supplies-Catalog---Leaflets-October-2017-Edition-are-Now-Available,"Set 410 ""Gone"" status code",,
https://psu.deltaww.com/cn/news/new-delta-st-ard-power-supplies---led-driver-catalogs-october-2015-edition-are-now-available,"Set 410 ""Gone"" status code",,
https://psu.deltaww.com/cn/news/open-frame-pjt-40w-mds-040aps-series-product-upgrade-notice,Set 301 redirect to new link,https://psu.deltaww.com/cn/product-notice/medical-mds-065aps-mds-250apb24-and-mds-250adb24-series-product-change-notice,
https://psu.deltaww.com/cn/news/outdoor-led-driver-series-end-of-life-products-eol,Set 301 redirect to new link,https://psu.deltaww.com/cn/eol/outdoor-led-driver-series-end-of-life-products-eol,
https://psu.deltaww.com/cn/news/Outdoor-LED-Driver-Series-End-of-Life-Products-EOL,Set 301 redirect to new link,https://psu.deltaww.com/cn/eol/outdoor-led-driver-series-end-of-life-products-eol,
https://psu.deltaww.com/cn/news/parallel-operation-of-power-supplies-with-user-systems,Set 301 redirect to new link,https://psu.deltaww.com/cn/industry-know-how/parallel-operation-of-power-supplies-with-user-systems,
https://psu.deltaww.com/cn/news/pj-series-product-upgrade-notice-pcn-23-005,Set 301 redirect to new link,https://psu.deltaww.com/cn/product-notice/pj-series-product-upgrade-notice-pcn-23-005,
https://psu.deltaww.com/cn/news/PJ-Series-Product-Upgrade-Notice-PCN-23-005,Set 301 redirect to new link,https://psu.deltaww.com/cn/product-notice/pj-series-product-upgrade-notice-pcn-23-005,
https://psu.deltaww.com/cn/news/product-change-notice-cliq-ii-series-24v-240w-2-phase-and-48v-240w-1-phase,Set 301 redirect to new link,https://psu.deltaww.com/cn/product-notice/product-change-notice-cliq-ii-series-24v-240w-2-phase-and-48v-240w-1-phase,
https://psu.deltaww.com/cn/news/product-change-notice-front-label-update-for-force-gt-series-480w-single-phase-models,Set 301 redirect to new link,https://psu.deltaww.com/cn/product-notice/product-change-notice-front-label-update-for-force-gt-series-480w-single-phase-models,
https://psu.deltaww.com/cn/news/product-change-notice-of-firmware-update-by-adding-new-features-pcn-23-004,Set 301 redirect to new link,https://psu.deltaww.com/cn/product-notice/product-change-notice-of-firmware-update-by-adding-new-features-pcn-23-004,
https://psu.deltaww.com/cn/news/Product-change-notice-of-firmware-update-by-adding-new-features-PCN-23-004,Set 301 redirect to new link,https://psu.deltaww.com/cn/product-notice/product-change-notice-of-firmware-update-by-adding-new-features-pcn-23-004,
https://psu.deltaww.com/cn/news/product-change-notice-update-of-dnv-certification-mark-on-specification-label-for-cliq-m-series,Set 301 redirect to new link,https://psu.deltaww.com/cn/product-notice/product-change-notice-update-of-dnv-certification-mark-on-specification-label-for-cliq-m-series,
https://psu.deltaww.com/cn/news/product-notice-relocation-of-standard-industrial-power-supplies-manufacturing,Set 301 redirect to new link,https://psu.deltaww.com/cn/product-notice/product-notice-relocation-of-standard-industrial-power-supplies-manufacturing,
https://psu.deltaww.com/cn/news/product-notice-update-to-the-cliq-m-series-dc-ups-modules-front-labels,Set 301 redirect to new link,https://psu.deltaww.com/cn/product-notice/product-notice-update-to-the-cliq-m-series-dc-ups-modules-front-labels,
https://psu.deltaww.com/cn/news/product-serial-number-format-change-notice-pcn-23-001,Set 301 redirect to new link,https://psu.deltaww.com/cn/product-notice/product-serial-number-format-change-notice-pcn-23-001,
https://psu.deltaww.com/cn/news/Product-Serial-Number-Format-Change-Notice-PCN-23-001,Set 301 redirect to new link,https://psu.deltaww.com/cn/product-notice/product-serial-number-format-change-notice-pcn-23-001,
https://psu.deltaww.com/cn/news/product-upgrade-implementation-of-anodized-aluminum-enclosure-for-the-pmr-pmt2-and-pmt2-eco-series,Set 301 redirect to new link,https://psu.deltaww.com/cn/product-notice/product-upgrade-implementation-of-anodized-aluminum-enclosure-for-the-pmr-pmt2-and-pmt2-eco-series,
https://psu.deltaww.com/cn/news/product-upgrade-notice-ce-certificate-added-for-pmt2-eco-models,Set 301 redirect to new link,https://psu.deltaww.com/cn/product-notice/product-upgrade-notice-ce-certificate-added-for-pmt2-eco-models,
https://psu.deltaww.com/cn/news/product-upgrade-notice-improved-surge-immunity-for-the-force-gt-series-3-phase-models,Set 301 redirect to new link,https://psu.deltaww.com/cn/product-notice/product-upgrade-notice-improved-surge-immunity-for-the-force-gt-series-3-phase-models,
https://psu.deltaww.com/cn/news/product-upgrade-notice-pmr-12v320w1at-and-pmr-24v320w1at-product-optimization,Set 301 redirect to new link,https://psu.deltaww.com/cn/product-notice/product-upgrade-notice-pmr-12v320w1at-and-pmr-24v320w1at-product-optimization,
https://psu.deltaww.com/cn/news/product-upgrade-notice-pmr-series-and-force-gt-series-24v-480w-3-phase-product-optimization,Set 301 redirect to new link,https://psu.deltaww.com/cn/product-notice/product-upgrade-notice-pmr-series-and-force-gt-series-24v-480w-3-phase-product-optimization,
https://psu.deltaww.com/cn/news/RoHS-Directive-EU-2015863,Set 301 redirect to new link,https://psu.deltaww.com/cn/product-notice/rohs-directive-eu-2015863,
https://psu.deltaww.com/cn/news/rohs-directive-eu-2015863,Set 301 redirect to new link,https://psu.deltaww.com/cn/product-notice/rohs-directive-eu-2015863,
https://psu.deltaww.com/cn/news/the-latest-edition-of-delta-st-ard-power-supplies-catalog-august-2013-is-now-available,"Set 410 ""Gone"" status code",,
https://psu.deltaww.com/cn/news/The-Latest-Edition-of-Delta-St-ard-Power-Supplies-Catalog-August-2013-is-Now-Available,"Set 410 ""Gone"" status code",,
https://psu.deltaww.com/cn/news/three-year-warranty-extension-for-select-delta-power-supplies,Set 301 redirect to new link,https://psu.deltaww.com/cn/product-notice/three-year-warranty-extension-for-select-delta-power-supplies,
https://psu.deltaww.com/cn/news/Three-Year-Warranty-Extension-for-Select-Delta-Power-Supplies,Set 301 redirect to new link,https://psu.deltaww.com/cn/product-notice/three-year-warranty-extension-for-select-delta-power-supplies,
https://psu.deltaww.com/cn/news/ultra-slim-din-rail-power-supply-lyte-ii-series--new-480-w-model-save-cabinet-installation-space,Set 301 redirect to new link,https://psu.deltaww.com/cn/news/ultra-slim-din-rail-power-supply-lyte-ii-series-new-480-w-model-save-cabinet-installation-space,
https://psu.deltaww.com/cn/news/Ultra-Slim-DIN-Rail-Power-Supply-LYTE-II-Series--New-480-W-Model-Save-Cabinet-Installation-Space,Set 301 redirect to new link,https://psu.deltaww.com/cn/news/ultra-slim-din-rail-power-supply-lyte-ii-series-new-480-w-model-save-cabinet-installation-space,
https://psu.deltaww.com/cn/news/worlds-first-augmented-reality-ar-power-supply-catalog-now-available,"Set 410 ""Gone"" status code",,
https://psu.deltaww.com/cn/news/Worlds-First-Augmented-Reality-AR-Power-Supply-Catalog-Now-Available,"Set 410 ""Gone"" status code",,
https://psu.deltaww.com/cn/news/www.DeltaPSU.com,TWJoin to suggest what to do,,
https://psu.deltaww.com/cn/news/www.DeltaPSU.com/cn,TWJoin to suggest what to do,,
https://psu.deltaww.com/cn/product/,Page doesn't exist,,
"https://psu.deltaww.com/cn/products/download/UL/?ÿ</font></b></nobr></div></span></font><font 
size=3 face=",TWJoin to suggest what to do,,
"https://psu.deltaww.com/cn/products/panel-mount-power-supply/products/open-frame-power-supply/MEP-200A24J 
CNA",Fixed internal link already,,
https://psu.deltaww.com/cn/RemovedataInSection,Page doesn't exist,,
https://psu.deltaww.com/cn/searchAll/,Page doesn't exist,,
https://psu.deltaww.com/cn/searchByTag/,Page doesn't exist,,
https://psu.deltaww.com/cn/searchDocManualByModelId,Page doesn't exist,,
https://psu.deltaww.com/cn/searhProductByType,Page doesn't exist,,
https://psu.deltaww.com/cn/searhstate,Page doesn't exist,,
https://psu.deltaww.com/cn/setlocaltion,Page doesn't exist,,
https://psu.deltaww.com/cn/tag_product,Page doesn't exist,,
https://psu.deltaww.com/de/checkProductSection,Page doesn't exist,,
https://psu.deltaww.com/de/events/product=,Page doesn't exist,,
https://psu.deltaww.com/de/loaddocumentPro,Page doesn't exist,,
https://psu.deltaww.com/de/loadparallercon,Page doesn't exist,,
https://psu.deltaww.com/de/loadPropoperty,Page doesn't exist,,
https://psu.deltaww.com/de/news/additional-safety-marks-mea-250a24c,Set 301 redirect to new link,https://psu.deltaww.com/de/product-notice/additional-safety-marks-mea-250a24c,
https://psu.deltaww.com/de/news/Additional-Safety-Marks-MEA-250A24C,Set 301 redirect to new link,https://psu.deltaww.com/de/product-notice/additional-safety-marks-mea-250a24c,
https://psu.deltaww.com/de/news/an-in-depth-guide-selecting-or-developing-the-right-power-supply-for-medical-device,Set 301 redirect to new link,https://psu.deltaww.com/de/industry-know-how/an-in-depth-guide-selecting-or-developing-the-right-power-supply-for-medical-device,
https://psu.deltaww.com/de/news/An-In-depth-Guide-Selecting-or-Developing-the-Right-Power-Supply-for-Medical-Device,Set 301 redirect to new link,https://psu.deltaww.com/de/industry-know-how/an-in-depth-guide-selecting-or-developing-the-right-power-supply-for-medical-device,
https://psu.deltaww.com/de/news/attention,Set 301 redirect to new link,https://psu.deltaww.com/cn/product-notice/attention,
https://psu.deltaww.com/de/news/choose-the-right-industrial-power-supplies-for-ev-chargers,Set 301 redirect to new link,https://psu.deltaww.com/de/industry-know-how/choose-the-right-industrial-power-supplies-for-ev-chargers,
https://psu.deltaww.com/de/news/CliQ-24V-3-Phase-Power-Supply31-Dec-2013-EOL,Set 301 redirect to new link,https://psu.deltaww.com/de/eol/cliq-24v-3-phase-power-supply31-dec-2013-eol,
https://psu.deltaww.com/de/news/cliq-and-pmc-series-end-of-life-eol,Set 301 redirect to new link,https://psu.deltaww.com/de/eol/cliq-and-pmc-series-end-of-life-eol,
https://psu.deltaww.com/de/news/CliQ-and-PMC-Series-End-of-Life-EOL,Set 301 redirect to new link,https://psu.deltaww.com/de/eol/cliq-and-pmc-series-end-of-life-eol,
https://psu.deltaww.com/de/news/cliq-m-dc-ups-modules-product-change-notice-pcn-23-002,Set 301 redirect to new link,https://psu.deltaww.com/de/product-notice/cliq-m-dc-ups-modules-product-change-notice-pcn-23-002,
https://psu.deltaww.com/de/news/CliQ-M-DC-UPS-Modules-Product-Change-Notice-PCN-23-002,Set 301 redirect to new link,https://psu.deltaww.com/de/product-notice/cliq-m-dc-ups-modules-product-change-notice-pcn-23-002,
https://psu.deltaww.com/de/news/delta-industrial-power-supply-product-change-notice-2022-005,Set 301 redirect to new link,https://psu.deltaww.com/de/product-notice/delta-industrial-power-supply-product-change-notice-2022-005,
https://psu.deltaww.com/de/news/delta-introduces-the-new-2000-w-model-for-the-ima-plus-series-power-supply-with-3000-w-peak-power,Set 301 redirect to new link,https://psu.deltaww.com/de/news/delta-introduces-the-new-2-000-w-model-for-the-ima-plus-series-power-supply-with-3-000-w-peak-power,
https://psu.deltaww.com/de/news/Delta-Introduces-the-New-2000-W-Model-for-the-IMA-PLUS-Series-Power-Supply-with-3000-W-Peak-Power,Set 301 redirect to new link,https://psu.deltaww.com/de/news/delta-introduces-the-new-2-000-w-model-for-the-ima-plus-series-power-supply-with-3-000-w-peak-power,
https://psu.deltaww.com/de/news/delta-medical-power-supply-certificate-upgrade-notice,Set 301 redirect to new link,https://psu.deltaww.com/de/product-notice/delta-medical-power-supply-certificate-upgrade-notice,
https://psu.deltaww.com/de/news/delta-product-label-trademark-update-and-the-removal-of-representative-address,Set 301 redirect to new link,https://psu.deltaww.com/de/product-notice/delta-product-label-trademark-update-and-the-removal-of-representative-address,
https://psu.deltaww.com/de/news/deltapsu-ipad-app-launch-announcement,"Set 410 ""Gone"" status code",,
https://psu.deltaww.com/de/news/DeltaPSU-iPad-App-Launch-Announcement,"Set 410 ""Gone"" status code",,
https://psu.deltaww.com/de/news/delta-releases-120w--and--150w-acdc-desktop-adapters-for-industrial-equipment,Set 301 redirect to new link,https://psu.deltaww.com/de/news/delta-releases-120w-150w-ac-dc-desktop-adapters-for-industrial-equipment,
https://psu.deltaww.com/de/news/Delta-Releases-120W--and--150W-ACDC-Desktop-Adapters-for-Industrial-Equipment,Set 301 redirect to new link,https://psu.deltaww.com/de/news/delta-releases-120w-150w-ac-dc-desktop-adapters-for-industrial-equipment,
https://psu.deltaww.com/de/news/din-rail-drl-75w-series-product-change-notice,Set 301 redirect to new link,https://psu.deltaww.com/de/product-notice/din-rail-drl-75w-series-product-change-notice,
https://psu.deltaww.com/de/news/DIN-Rail-DRL-75W-series-Product-Change-Notice,Set 301 redirect to new link,https://psu.deltaww.com/de/product-notice/din-rail-drl-75w-series-product-change-notice,
https://psu.deltaww.com/de/news/enhancing-applications-with-force-gt-series-high-efficiency-din-rail-power-supplies,Set 301 redirect to new link,https://psu.deltaww.com/de/industry-know-how/enhancing-applications-with-force-gt-series-high-efficiency-din-rail-power-supplies,
https://psu.deltaww.com/de/news/indoor-outdoor-signage--and--rdl-led-driver-series-end-of-life-products-eol,Set 301 redirect to new link,https://psu.deltaww.com/de/eol/indoor-outdoor-signage-rdl-led-driver-series-end-of-life-products-eol,
https://psu.deltaww.com/de/news/Indoor-Outdoor-Signage--and--RDL-LED-Driver-Series-End-of-Life-Products-EOL,Set 301 redirect to new link,https://psu.deltaww.com/de/eol/indoor-outdoor-signage-rdl-led-driver-series-end-of-life-products-eol,
https://psu.deltaww.com/de/news/introducing-the-new-deltapsu-homepage,"Set 410 ""Gone"" status code",,
https://psu.deltaww.com/de/news/Introducing-the-New-DeltaPSU-Homepage,"Set 410 ""Gone"" status code",,
https://psu.deltaww.com/de/news/isolation-level-and-emc-considerations-for-medical-power-supplies,Set 301 redirect to new link,https://psu.deltaww.com/de/industry-know-how/isolation-level-and-emc-considerations-for-medical-power-supplies,
https://psu.deltaww.com/de/news/leakage-current-considerations-for-medical-power-supplies,Set 301 redirect to new link,https://psu.deltaww.com/de/industry-know-how/leakage-current-considerations-for-medical-power-supplies,
https://psu.deltaww.com/de/news/Medical-grade-Power-Supplies-for-Advanced-Industrial-and-Household-Appliance-Applications,Set 301 redirect to new link,https://psu.deltaww.com/de/industry-know-how/medical-grade-power-supplies-for-advanced-industrial-and-household-appliance-applications,
https://psu.deltaww.com/de/news/medical-grade-power-supplies-for-advanced-industrial-and-household-appliance-applications,Set 301 redirect to new link,https://psu.deltaww.com/de/industry-know-how/medical-grade-power-supplies-for-advanced-industrial-and-household-appliance-applications,
https://psu.deltaww.com/de/news/Medical-MDS-250-MDS-300-and-MDS-400-Series-Product-Change-Notice,Set 301 redirect to new link,https://psu.deltaww.com/de/product-notice/medical-mds-250-mds-300-and-mds-400-series-product-change-notice,
https://psu.deltaww.com/de/news/medical-mds-250-mds-300-and-mds-400-series-product-change-notice,Set 301 redirect to new link,https://psu.deltaww.com/de/product-notice/medical-mds-250-mds-300-and-mds-400-series-product-change-notice,
https://psu.deltaww.com/de/news/medical-mds-400adb24-meb-750a-meb-1k5a48t-aaa-and-meb-1k2a-series-product-change-notice,Set 301 redirect to new link,https://psu.deltaww.com/de/product-notice/medical-mds-400adb24-meb-750a-meb-1k5a48t-aaa-and-meb-1k2a-series-product-change-notice,
https://psu.deltaww.com/de/news/medical-mea-065a12c-mea-065a15c-mea-065a19c-and-mea-065a24c-series-upgrade-notice,Set 301 redirect to new link,https://psu.deltaww.com/de/product-notice/medical-mea-065a12c-mea-065a15c-mea-065a19c-and-mea-065a24c-series-upgrade-notice,
https://psu.deltaww.com/de/news/medical-product-upgrade-to-chinas-latest-safety--and--emc-standards-pcn-23-006,Set 301 redirect to new link,https://psu.deltaww.com/de/product-notice/medical-product-upgrade-to-china-s-latest-safety-emc-standards-pcn-23-006,
https://psu.deltaww.com/de/news/Medical-Product-Upgrade-to-Chinas-Latest-Safety--and--EMC-Standards-PCN-23-006,Set 301 redirect to new link,https://psu.deltaww.com/de/product-notice/medical-product-upgrade-to-china-s-latest-safety-emc-standards-pcn-23-006,
https://psu.deltaww.com/de/news/MEG-A-Series-Safety-Mark-Upgrade-Notice,Set 301 redirect to new link,https://psu.deltaww.com/de/product-notice/meg-a-series-safety-mark-upgrade-notice,
https://psu.deltaww.com/de/news/meg-a-series-safety-mark-upgrade-notice,Set 301 redirect to new link,https://psu.deltaww.com/de/product-notice/meg-a-series-safety-mark-upgrade-notice,
https://psu.deltaww.com/de/news/New-Delta-St-ard-Power-Supplies-2014-Catalog-is-Now-Available,"Set 410 ""Gone"" status code",,
https://psu.deltaww.com/de/news/new-delta-st-ard-power-supplies-2014-catalog-is-now-available,"Set 410 ""Gone"" status code",,
https://psu.deltaww.com/de/news/new-delta-st-ard-power-supplies-catalog---leaflets-october-2017-edition-are-now-available,"Set 410 ""Gone"" status code",,
https://psu.deltaww.com/de/news/New-Delta-St-ard-Power-Supplies-Catalog---Leaflets-October-2017-Edition-are-Now-Available,"Set 410 ""Gone"" status code",,
https://psu.deltaww.com/de/news/panel-mount-pmt2-series-product-change-notice,Set 301 redirect to new link,https://psu.deltaww.com/de/product-notice/panel-mount-pmt2-series-product-change-notice,
https://psu.deltaww.com/de/news/Panel-Mount-PMT2-series-Product-Change-Notice,Set 301 redirect to new link,https://psu.deltaww.com/de/product-notice/panel-mount-pmt2-series-product-change-notice,
https://psu.deltaww.com/de/news/parallel-operation-of-power-supplies-with-user-systems,Set 301 redirect to new link,https://psu.deltaww.com/de/industry-know-how/parallel-operation-of-power-supplies-with-user-systems,
https://psu.deltaww.com/de/news/pj-series-product-upgrade-notice-pcn-23-005,Set 301 redirect to new link,https://psu.deltaww.com/de/product-notice/pj-series-product-upgrade-notice-pcn-23-005,
https://psu.deltaww.com/de/news/pmt2-series-model-simplified,Set 301 redirect to new link,https://psu.deltaww.com/de/product-notice/pmt2-series-model-simplified,
https://psu.deltaww.com/de/news/PMT2-Series-Model-Simplified,Set 301 redirect to new link,https://psu.deltaww.com/de/product-notice/pmt2-series-model-simplified,
https://psu.deltaww.com/de/news/product-change-notice-cliq-ii-series-24v-240w-2-phase-and-48v-240w-1-phase,Set 301 redirect to new link,https://psu.deltaww.com/de/product-notice/product-change-notice-cliq-ii-series-24v-240w-2-phase-and-48v-240w-1-phase,
https://psu.deltaww.com/de/news/product-change-notice-of-firmware-update-by-adding-new-features-pcn-23-004,Set 301 redirect to new link,https://psu.deltaww.com/de/product-notice/product-change-notice-of-firmware-update-by-adding-new-features-pcn-23-004,
https://psu.deltaww.com/de/news/Product-change-notice-of-firmware-update-by-adding-new-features-PCN-23-004,Set 301 redirect to new link,https://psu.deltaww.com/de/product-notice/product-change-notice-of-firmware-update-by-adding-new-features-pcn-23-004,
https://psu.deltaww.com/de/news/product-change-notice-update-of-dnv-certification-mark-on-specification-label-for-cliq-m-series,Set 301 redirect to new link,https://psu.deltaww.com/de/product-notice/product-change-notice-update-of-dnv-certification-mark-on-specification-label-for-cliq-m-series,
https://psu.deltaww.com/de/news/product-notice-relocation-of-standard-industrial-power-supplies-manufacturing,Set 301 redirect to new link,https://psu.deltaww.com/de/product-notice/product-notice-relocation-of-standard-industrial-power-supplies-manufacturing,
https://psu.deltaww.com/de/news/product-serial-number-format-change-notice-pcn-23-001,Set 301 redirect to new link,https://psu.deltaww.com/de/product-notice/product-serial-number-format-change-notice-pcn-23-001,
https://psu.deltaww.com/de/news/Product-Serial-Number-Format-Change-Notice-PCN-23-001,Set 301 redirect to new link,https://psu.deltaww.com/de/product-notice/product-serial-number-format-change-notice-pcn-23-001,
https://psu.deltaww.com/de/news/product-upgrade-notice-ce-certificate-added-for-pmt2-eco-models,Set 301 redirect to new link,https://psu.deltaww.com/de/product-notice/product-upgrade-notice-ce-certificate-added-for-pmt2-eco-models,
https://psu.deltaww.com/de/news/product-upgrade-notice-improved-surge-immunity-for-the-force-gt-series-3-phase-models,Set 301 redirect to new link,https://psu.deltaww.com/de/product-notice/product-upgrade-notice-improved-surge-immunity-for-the-force-gt-series-3-phase-models,
https://psu.deltaww.com/de/news/Three-Year-Warranty-Extension-for-Select-Delta-Power-Supplies,Set 301 redirect to new link,https://psu.deltaww.com/de/product-notice/three-year-warranty-extension-for-select-delta-power-supplies,
https://psu.deltaww.com/de/news/three-year-warranty-extension-for-select-delta-power-supplies,Set 301 redirect to new link,https://psu.deltaww.com/de/product-notice/three-year-warranty-extension-for-select-delta-power-supplies,
https://psu.deltaww.com/de/news/worlds-first-augmented-reality-ar-power-supply-catalog-now-available,"Set 410 ""Gone"" status code",,
https://psu.deltaww.com/de/news/Worlds-First-Augmented-Reality-AR-Power-Supply-Catalog-Now-Available,"Set 410 ""Gone"" status code",,
https://psu.deltaww.com/de/news/www.DeltaPSU.com,TWJoin to suggest what to do,,
https://psu.deltaww.com/de/RemovedataInSection,Page doesn't exist,,
https://psu.deltaww.com/de/savepdfConfig,Page doesn't exist,,
https://psu.deltaww.com/de/searchAll/,Page doesn't exist,,
https://psu.deltaww.com/de/searchByTag/,Page doesn't exist,,
https://psu.deltaww.com/de/searchDocByModelId,Page doesn't exist,,
https://psu.deltaww.com/de/searhProductByType,Page doesn't exist,,
https://psu.deltaww.com/de/setlocaltion,Page doesn't exist,,
https://psu.deltaww.com/de/tag_product,Page doesn't exist,,
https://psu.deltaww.com/en/checkProductSection,Page doesn't exist,,
https://psu.deltaww.com/en/clearproductsection,Page doesn't exist,,
https://psu.deltaww.com/en/getProById,Page doesn't exist,,
https://psu.deltaww.com/en/loaddocumentPro,Page doesn't exist,,
https://psu.deltaww.com/en/loadnewPerti,Page doesn't exist,,
https://psu.deltaww.com/en/loadparallercon,Page doesn't exist,,
https://psu.deltaww.com/en/loadPropoperty,Page doesn't exist,,
https://psu.deltaww.com/en/news/additional-safety-marks-mea-250a24c,Set 301 redirect to new link,https://psu.deltaww.com/en/product-notice/additional-safety-marks-mea-250a24c,
https://psu.deltaww.com/en/news/Additional-Safety-Marks-MEA-250A24C,Set 301 redirect to new link,https://psu.deltaww.com/en/product-notice/additional-safety-marks-mea-250a24c,
https://psu.deltaww.com/en/news/an-in-depth-guide-selecting-or-developing-the-right-power-supply-for-medical-device,Set 301 redirect to new link,https://psu.deltaww.com/en/industry-know-how/an-in-depth-guide-selecting-or-developing-the-right-power-supply-for-medical-device,
https://psu.deltaww.com/en/news/An-In-depth-Guide-Selecting-or-Developing-the-Right-Power-Supply-for-Medical-Device,Set 301 redirect to new link,https://psu.deltaww.com/en/industry-know-how/an-in-depth-guide-selecting-or-developing-the-right-power-supply-for-medical-device,
https://psu.deltaww.com/en/news/choose-the-right-industrial-power-supplies-for-ev-chargers,Set 301 redirect to new link,https://psu.deltaww.com/en/industry-know-how/choose-the-right-industrial-power-supplies-for-ev-chargers,
https://psu.deltaww.com/en/news/Choose-the-Right-Industrial-Power-Supplies-for-EV-Chargers,Set 301 redirect to new link,https://psu.deltaww.com/en/industry-know-how/choose-the-right-industrial-power-supplies-for-ev-chargers,
https://psu.deltaww.com/en/news/cliq-m-dc-ups-modules-product-change-notice-pcn-23-002,Set 301 redirect to new link,https://psu.deltaww.com/en/product-notice/cliq-m-dc-ups-modules-product-change-notice-pcn-23-002,
https://psu.deltaww.com/en/news/CliQ-M-DC-UPS-Modules-Product-Change-Notice-PCN-23-002,Set 301 redirect to new link,https://psu.deltaww.com/en/product-notice/cliq-m-dc-ups-modules-product-change-notice-pcn-23-002,
https://psu.deltaww.com/en/news/daisy-chaining-for-parallel-connection-of-din-rail-power-supplies-considerations-and-limitations,Set 301 redirect to new link,https://psu.deltaww.com/en/industry-know-how/daisy-chaining-for-parallel-connection-of-din-rail-power-supplies-considerations-and-limitations,
https://psu.deltaww.com/en/news/delta-industrial-power-supply-certificate-upgrade-notice,Set 301 redirect to new link,https://psu.deltaww.com/en/product-notice/delta-industrial-power-supply-certificate-upgrade-notice,
https://psu.deltaww.com/en/news/Delta-Industrial-Power-Supply-Certificate-Upgrade-Notice,Set 301 redirect to new link,https://psu.deltaww.com/en/product-notice/delta-industrial-power-supply-certificate-upgrade-notice,
https://psu.deltaww.com/en/news/delta-industrial-power-supply-certificate-upgrade-notice-2022-012,Set 301 redirect to new link,https://psu.deltaww.com/en/product-notice/delta-industrial-power-supply-certificate-upgrade-notice-2022-012,
https://psu.deltaww.com/en/news/Delta-Industrial-Power-Supply-Certificate-Upgrade-Notice-2022-012,Set 301 redirect to new link,https://psu.deltaww.com/en/product-notice/delta-industrial-power-supply-certificate-upgrade-notice-2022-012,
https://psu.deltaww.com/en/news/Delta-Introduces-the-New-2000-W-Model-for-the-IMA-PLUS-Series-Power-Supply-with-3000-W-Peak-Power,Set 301 redirect to new link,https://psu.deltaww.com/en/news/delta-introduces-the-new-2-000-w-model-for-the-ima-plus-series-power-supply-with-3-000-w-peak-power,
https://psu.deltaww.com/en/news/delta-introduces-the-new-2000-w-model-for-the-ima-plus-series-power-supply-with-3000-w-peak-power,Set 301 redirect to new link,https://psu.deltaww.com/en/news/delta-introduces-the-new-2-000-w-model-for-the-ima-plus-series-power-supply-with-3-000-w-peak-power,
https://psu.deltaww.com/en/news/delta-led-drivers-usco-pro-and-usc4-pro-series--new-320-w-and-600-w-models-for-harsh-and-industrial-environments,Set 301 redirect to new link,https://psu.deltaww.com/en/news/delta-led-drivers-usco-pro-and-usc4-pro-series-new-320-w-and-600-w-models-for-harsh-and-industrial-environments,
https://psu.deltaww.com/en/news/delta-medical-power-supplies-certificate-upgrade-notice--iec-60601-1-edition-32,Set 301 redirect to new link,https://psu.deltaww.com/en/product-notice/delta-medical-power-supplies-certificate-upgrade-notice-iec-60601-1-edition-3-2,
https://psu.deltaww.com/en/news/Delta-Medical-Power-Supplies-Certificate-Upgrade-Notice--IEC-60601-1-Edition-32,Set 301 redirect to new link,https://psu.deltaww.com/en/product-notice/delta-medical-power-supplies-certificate-upgrade-notice-iec-60601-1-edition-3-2,
https://psu.deltaww.com/en/news/Delta-Medical-Power-Supply-Certificate-Upgrade-Notice,Set 301 redirect to new link,https://psu.deltaww.com/en/product-notice/delta-medical-power-supply-certificate-upgrade-notice,
https://psu.deltaww.com/en/news/delta-medical-power-supply-certificate-upgrade-notice,Set 301 redirect to new link,https://psu.deltaww.com/en/product-notice/delta-medical-power-supply-certificate-upgrade-notice,
https://psu.deltaww.com/en/news/delta-medical-power-supply-product-change-notice-2022-007,Set 301 redirect to new link,https://psu.deltaww.com/en/product-notice/delta-medical-power-supply-product-change-notice-2022-007,
https://psu.deltaww.com/en/news/delta-product-label-trademark-update-and-the-removal-of-representative-address,Set 301 redirect to new link,https://psu.deltaww.com/en/product-notice/delta-product-label-trademark-update-and-the-removal-of-representative-address,
https://psu.deltaww.com/en/news/deltapsu-iphone-app-launch-announcement,"Set 410 ""Gone"" status code",,
https://psu.deltaww.com/en/news/delta-showcases-smart--and--sustainable-solutions-at-temca-m-and-e-thailand-2023,Set 301 redirect to new link,https://psu.deltaww.com/en/news/delta-showcases-smart-sustainable-solutions-at-temca-m-e-thailand-2023,
https://psu.deltaww.com/en/news/Delta-Showcases-Smart--and--Sustainable-Solutions-at-TEMCA-M-and-E-Thailand-2023,Set 301 redirect to new link,https://psu.deltaww.com/en/news/delta-showcases-smart-sustainable-solutions-at-temca-m-e-thailand-2023,
https://psu.deltaww.com/en/news/drp024v240w1aa-product-upgrade-notice,Set 301 redirect to new link,https://psu.deltaww.com/en/product-notice/drp024v240w1aa-product-upgrade-notice,
https://psu.deltaww.com/en/news/DRP024V240W1AA-Product-Upgrade-Notice,Set 301 redirect to new link,https://psu.deltaww.com/en/product-notice/drp024v240w1aa-product-upgrade-notice,
https://psu.deltaww.com/en/news/enhancing-applications-with-force-gt-series-high-efficiency-din-rail-power-supplies,Set 301 redirect to new link,https://psu.deltaww.com/en/industry-know-how/enhancing-applications-with-force-gt-series-high-efficiency-din-rail-power-supplies,
https://psu.deltaww.com/en/news/eol-notification-of-led-drivers-in-lighting-applications,Set 301 redirect to new link,https://psu.deltaww.com/en/eol/eol-notification-of-led-drivers-in-lighting-applications,
https://psu.deltaww.com/en/news/EOL-Notification-of-LED-Drivers-in-Lighting-Applications,Set 301 redirect to new link,https://psu.deltaww.com/en/eol/eol-notification-of-led-drivers-in-lighting-applications,
https://psu.deltaww.com/en/news/indoor-outdoor-signage--and--rdl-led-driver-series-end-of-life-products-eol,Set 301 redirect to new link,https://psu.deltaww.com/en/eol/indoor-outdoor-signage-rdl-led-driver-series-end-of-life-products-eol,
https://psu.deltaww.com/en/news/industrial-power-supplies-and-led-drivers-end-of-life-eol-notice,Set 301 redirect to new link,https://psu.deltaww.com/en/eol/industrial-power-supplies-and-led-drivers-end-of-life-eol-notice,
https://psu.deltaww.com/en/news/isolation-level-and-emc-considerations-for-medical-power-supplies,Set 301 redirect to new link,https://psu.deltaww.com/en/industry-know-how/isolation-level-and-emc-considerations-for-medical-power-supplies,
https://psu.deltaww.com/en/news/leakage-current-considerations-for-medical-power-supplies,Set 301 redirect to new link,https://psu.deltaww.com/en/industry-know-how/leakage-current-considerations-for-medical-power-supplies,
https://psu.deltaww.com/en/news/led-drivers-end-of-life-eol-notice,Set 301 redirect to new link,https://psu.deltaww.com/en/eol/led-drivers-end-of-life-eol-notice,
https://psu.deltaww.com/en/news/lne-100-w---185-w-series-end-of-life-eol,Set 301 redirect to new link,https://psu.deltaww.com/en/eol/lne-100-w-185-w-series-end-of-life-eol,
https://psu.deltaww.com/en/news/mds-060aas-series-end-of-life-eol,Set 301 redirect to new link,https://psu.deltaww.com/en/eol/mds-060aas-series-end-of-life-eol,
https://psu.deltaww.com/en/news/MDS-060AAS-series-End-of-Life-EOL,Set 301 redirect to new link,https://psu.deltaww.com/en/eol/mds-060aas-series-end-of-life-eol,
https://psu.deltaww.com/en/news/medical-mds-065aps-mds-250apb24---mds-250adb24-series-product-change-notice,Set 301 redirect to new link,https://psu.deltaww.com/en/product-notice/medical-mds-065aps-mds-250apb24-and-mds-250adb24-series-product-change-notice,
https://psu.deltaww.com/en/news/medical-mds-250-mds-300-and-mds-400-series-product-change-notice,Set 301 redirect to new link,https://psu.deltaww.com/en/product-notice/medical-mds-250-mds-300-and-mds-400-series-product-change-notice,
https://psu.deltaww.com/en/news/medical-mds-400adb24-meb-750a-meb-1k5a48t-aaa-and-meb-1k2a-series-product-change-notice,Set 301 redirect to new link,https://psu.deltaww.com/en/product-notice/medical-mds-400adb24-meb-750a-meb-1k5a48t-aaa-and-meb-1k2a-series-product-change-notice,
https://psu.deltaww.com/en/news/medical-mea-065a12c-mea-065a15c-mea-065a19c-and-mea-065a24c-series-upgrade-notice,Set 301 redirect to new link,https://psu.deltaww.com/en/product-notice/medical-mea-065a12c-mea-065a15c-mea-065a19c-and-mea-065a24c-series-upgrade-notice,
https://psu.deltaww.com/en/news/medical-product-upgrade-to-chinas-latest-safety--and--emc-standards-pcn-23-006,Set 301 redirect to new link,https://psu.deltaww.com/en/product-notice/medical-product-upgrade-to-china-s-latest-safety-emc-standards-pcn-23-006,
https://psu.deltaww.com/en/news/Medical-Product-Upgrade-to-Chinas-Latest-Safety--and--EMC-Standards-PCN-23-006,Set 301 redirect to new link,https://psu.deltaww.com/en/product-notice/medical-product-upgrade-to-china-s-latest-safety-emc-standards-pcn-23-006,
https://psu.deltaww.com/en/news/MEG-A-Series-Safety-Mark-Upgrade-Notice,Set 301 redirect to new link,https://psu.deltaww.com/en/product-notice/meg-a-series-safety-mark-upgrade-notice,
https://psu.deltaww.com/en/news/meg-a-series-safety-mark-upgrade-notice,Set 301 redirect to new link,https://psu.deltaww.com/en/product-notice/meg-a-series-safety-mark-upgrade-notice,
https://psu.deltaww.com/en/news/new-delta-st-ard-power-supplies-2014-catalog-is-now-available,"Set 410 ""Gone"" status code",,
https://psu.deltaww.com/en/news/New-Delta-St-ard-Power-Supplies-2014-Catalog-is-Now-Available,"Set 410 ""Gone"" status code",,
https://psu.deltaww.com/en/news/open-frame-pjt-40w-mds-040aps-series-product-upgrade-notice,Set 301 redirect to new link,https://psu.deltaww.com/en/product-notice/open-frame-pjt-40w-mds-040aps-series-product-upgrade-notice,
https://psu.deltaww.com/en/news/outdoor-led-driver-series-end-of-life-products-eol,Set 301 redirect to new link,https://psu.deltaww.com/en/eol/outdoor-led-driver-series-end-of-life-products-eol,
https://psu.deltaww.com/en/news/panel-mount-pmt2-series-product-change-notice,Set 301 redirect to new link,https://psu.deltaww.com/en/product-notice/panel-mount-pmt2-series-product-change-notice,
https://psu.deltaww.com/en/news/Panel-Mount-PMT2-series-Product-Change-Notice,Set 301 redirect to new link,https://psu.deltaww.com/en/product-notice/panel-mount-pmt2-series-product-change-notice,
https://psu.deltaww.com/en/news/parallel-operation-of-power-supplies-with-user-systems,Set 301 redirect to new link,https://psu.deltaww.com/en/industry-know-how/parallel-operation-of-power-supplies-with-user-systems,
https://psu.deltaww.com/en/news/pj-series-product-upgrade-notice-pcn-23-005,Set 301 redirect to new link,https://psu.deltaww.com/en/product-notice/pj-series-product-upgrade-notice-pcn-23-005,
https://psu.deltaww.com/en/news/PMF-24V200W-Series-End-of-Life-EOL,Set 301 redirect to new link,https://psu.deltaww.com/en/eol/pmf-24v200w-series-end-of-life-eol,
https://psu.deltaww.com/en/news/pmf-24v200w-series-end-of-life-eol,Set 301 redirect to new link,https://psu.deltaww.com/en/eol/pmf-24v200w-series-end-of-life-eol,
https://psu.deltaww.com/en/news/pmh-series-end-of-life-eol,Set 301 redirect to new link,https://psu.deltaww.com/en/eol/pmh-series-end-of-life-eol,
https://psu.deltaww.com/en/news/pmt2-350w-series-upgrade-notice,Set 301 redirect to new link,https://psu.deltaww.com/en/product-notice/pmt2-350w-series-upgrade-notice,
https://psu.deltaww.com/en/news/PMT2-350W-Series-Upgrade-Notice,Set 301 redirect to new link,https://psu.deltaww.com/en/product-notice/pmt2-350w-series-upgrade-notice,
https://psu.deltaww.com/en/news/pmt2-series-model-simplified,Set 301 redirect to new link,https://psu.deltaww.com/en/product-notice/pmt2-series-model-simplified,
https://psu.deltaww.com/en/news/PMT2-Series-Model-Simplified,Set 301 redirect to new link,https://psu.deltaww.com/en/product-notice/pmt2-series-model-simplified,
https://psu.deltaww.com/en/news/PMT2-Series-Upgrade-Notice,Set 301 redirect to new link,https://psu.deltaww.com/en/product-notice/pmt2-series-upgrade-notice,
https://psu.deltaww.com/en/news/pmt2-series-upgrade-notice,Set 301 redirect to new link,https://psu.deltaww.com/en/product-notice/pmt2-series-upgrade-notice,
https://psu.deltaww.com/en/news/product-change-notice-of-arena-sport-series-euco-1k0140gla-and-euco-1k0140gda-pcn-23-008,Set 301 redirect to new link,https://psu.deltaww.com/en/product-notice/product-change-notice-of-arena-sport-series-euco-1k0140gla-and-euco-1k0140gda-pcn-23-008,
https://psu.deltaww.com/en/news/Product-Change-Notice-of-Arena-Sport-Series-EUCO-1K0140GLA-and-EUCO-1K0140GDA-PCN-23-008,Set 301 redirect to new link,https://psu.deltaww.com/en/product-notice/product-change-notice-of-arena-sport-series-euco-1k0140gla-and-euco-1k0140gda-pcn-23-008,
https://psu.deltaww.com/en/news/product-change-notice-of-arena-sport-series-led-drivers,Set 301 redirect to new link,https://psu.deltaww.com/en/product-notice/product-change-notice-of-arena-sport-series-led-drivers,
https://psu.deltaww.com/en/news/product-change-notice-update-of-dnv-certification-mark-on-specification-label-for-cliq-m-series,Set 301 redirect to new link,https://psu.deltaww.com/en/product-notice/product-change-notice-update-of-dnv-certification-mark-on-specification-label-for-cliq-m-series,
https://psu.deltaww.com/en/news/product-notice-ima-s2000-48-xyplx-not-recommended-for-new-projects,Set 301 redirect to new link,https://psu.deltaww.com/en/product-notice/product-notice-ima-s2000-48-xyplx-not-recommended-for-new-projects,
https://psu.deltaww.com/en/news/product-notice-update-screw-tightening-torque-for-panel-mount-power-supplies-pmt2---pmr-series,Set 301 redirect to new link,https://psu.deltaww.com/en/product-notice/product-notice-update-screw-tightening-torque-for-panel-mount-power-supplies-pmt2---pmr-series,
https://psu.deltaww.com/en/news/product-notice-update-to-the-cliq-m-series-dc-ups-modules-front-labels,Set 301 redirect to new link,https://psu.deltaww.com/en/product-notice/product-notice-update-to-the-cliq-m-series-dc-ups-modules-front-labels,
https://psu.deltaww.com/en/news/product-serial-number-format-change-notice-pcn-23-001,Set 301 redirect to new link,https://psu.deltaww.com/en/product-notice/product-serial-number-format-change-notice-pcn-23-001,
https://psu.deltaww.com/en/news/Product-Serial-Number-Format-Change-Notice-PCN-23-001,Set 301 redirect to new link,https://psu.deltaww.com/en/product-notice/product-serial-number-format-change-notice-pcn-23-001,
https://psu.deltaww.com/en/news/product-upgrade-notice-ce-certificate-added-for-pmt2-eco-models,Set 301 redirect to new link,https://psu.deltaww.com/en/product-notice/product-upgrade-notice-ce-certificate-added-for-pmt2-eco-models,
https://psu.deltaww.com/en/news/product-upgrade-notice-enhanced-certifications-and-optimized-functions-for-delta-industrial-power-supplies-and-modules,Set 301 redirect to new link,https://psu.deltaww.com/en/product-notice/product-upgrade-notice-enhanced-certifications-and-optimized-functions-for-delta-industrial-power-supplies-and-modules,
https://psu.deltaww.com/en/news/product-upgrade-notice-pmr-series-and-force-gt-series-24v-480w-3-phase-product-optimization,Set 301 redirect to new link,https://psu.deltaww.com/en/product-notice/product-upgrade-notice-pmr-series-and-force-gt-series-24v-480w-3-phase-product-optimization,
https://psu.deltaww.com/en/news/rohs-directive-eu-2015863,Set 301 redirect to new link,https://psu.deltaww.com/en/product-notice/rohs-directive-eu-2015863,
https://psu.deltaww.com/en/news/RoHS-Directive-EU-2015863,Set 301 redirect to new link,https://psu.deltaww.com/en/product-notice/rohs-directive-eu-2015863,
https://psu.deltaww.com/en/news/standard-industrial-power-supply-production-transfer--from-wujiang-to-dongguan-china-2022-004,Set 301 redirect to new link,https://psu.deltaww.com/en/product-notice/standard-industrial-power-supply-production-transfer--from-wujiang-to-dongguan-china-2022-004,
https://psu.deltaww.com/en/news/three-year-warranty-extension-for-select-delta-power-supplies,Set 301 redirect to new link,https://psu.deltaww.com/en/product-notice/three-year-warranty-extension-for-select-delta-power-supplies,
https://psu.deltaww.com/en/news/Three-Year-Warranty-Extension-for-Select-Delta-Power-Supplies,Set 301 redirect to new link,https://psu.deltaww.com/en/product-notice/three-year-warranty-extension-for-select-delta-power-supplies,
https://psu.deltaww.com/en/news/ultra-slim-din-rail-power-supply-lyte-ii-series--new-480-w-model-save-cabinet-installation-space,Set 301 redirect to new link,https://psu.deltaww.com/en/news/ultra-slim-din-rail-power-supply-lyte-ii-series-new-480-w-model-save-cabinet-installation-space,
https://psu.deltaww.com/en/news/worlds-first-augmented-reality-ar-power-supply-catalog-now-available,"Set 410 ""Gone"" status code",,
https://psu.deltaww.com/en/news/Worlds-First-Augmented-Reality-AR-Power-Supply-Catalog-Now-Available,"Set 410 ""Gone"" status code",,
https://psu.deltaww.com/en/news/www.DeltaPSU.com,TWJoin to suggest what to do,,
https://psu.deltaww.com/en/product/,Page doesn't exist,,
https://psu.deltaww.com/en/RemovedataInSection,Page doesn't exist,,
https://psu.deltaww.com/en/savepdfConfig,Page doesn't exist,,
https://psu.deltaww.com/en/searchAll/,Page doesn't exist,,
https://psu.deltaww.com/en/searchByTag/,Page doesn't exist,,
https://psu.deltaww.com/en/searchDocManualByModelId,Page doesn't exist,,
https://psu.deltaww.com/en/searhProductByType,Page doesn't exist,,
https://psu.deltaww.com/en/setlocaltion,Page doesn't exist,,
https://psu.deltaww.com/en/tag_product,Page doesn't exist,,
https://psu.deltaww.com/index.php/cn/events/product=,Page doesn't exist,,
https://psu.deltaww.com/index.php/cn/news/Additional-Safety-Marks-MDS-060AAS12-BA,Set 301 redirect to new link,https://psu.deltaww.com/index.php/cn/product-notice/additional-safety-marks-mds-060aas12-ba,
https://psu.deltaww.com/index.php/cn/news/cliq-and-pmc-series-end-of-life-eol,Set 301 redirect to new link,https://psu.deltaww.com/index.php/cn/eol/cliq-and-pmc-series-end-of-life-eol,
https://psu.deltaww.com/index.php/cn/news/cliq-m-dc-ups-modules-product-change-notice-pcn-23-002,Set 301 redirect to new link,https://psu.deltaww.com/index.php/cn/product-notice/cliq-m-dc-ups-modules-product-change-notice-pcn-23-002,
https://psu.deltaww.com/index.php/cn/news/CliQ-M-DC-UPS-Modules-Product-Change-Notice-PCN-23-002,Set 301 redirect to new link,https://psu.deltaww.com/index.php/cn/product-notice/cliq-m-dc-ups-modules-product-change-notice-pcn-23-002,
https://psu.deltaww.com/index.php/cn/news/daisy-chaining-for-parallel-connection-of-din-rail-power-supplies-considerations-and-limitations,Set 301 redirect to new link,https://psu.deltaww.com/index.php/cn/industry-know-how/daisy-chaining-for-parallel-connection-of-din-rail-power-supplies-considerations-and-limitations,
https://psu.deltaww.com/index.php/cn/news/Delta-Industrial-Power-Supply-Product-Change-Notice-2022-005,Set 301 redirect to new link,https://psu.deltaww.com/index.php/cn/product-notice/delta-industrial-power-supply-product-change-notice-2022-005,
https://psu.deltaww.com/index.php/cn/news/delta-industrial-power-supply-product-change-notice-2022-005,Set 301 redirect to new link,https://psu.deltaww.com/index.php/cn/product-notice/delta-industrial-power-supply-product-change-notice-2022-005,
https://psu.deltaww.com/index.php/cn/news/delta-medical-power-supplies-certificate-upgrade-notice--iec-60601-1-edition-32,Set 301 redirect to new link,https://psu.deltaww.com/index.php/cn/product-notice/delta-medical-power-supplies-certificate-upgrade-notice-iec-60601-1-edition-3-2,
https://psu.deltaww.com/index.php/cn/news/Indoor-Outdoor-Signage--and--RDL-LED-Driver-Series-End-of-Life-Products-EOL,Set 301 redirect to new link,https://psu.deltaww.com/index.php/cn/eol/indoor-outdoor-signage-rdl-led-driver-series-end-of-life-products-eol,
https://psu.deltaww.com/index.php/cn/news/indoor-outdoor-signage--and--rdl-led-driver-series-end-of-life-products-eol,Set 301 redirect to new link,https://psu.deltaww.com/index.php/cn/eol/indoor-outdoor-signage-rdl-led-driver-series-end-of-life-products-eol,
https://psu.deltaww.com/index.php/cn/news/isolation-level-and-emc-considerations-for-medical-power-supplies,Set 301 redirect to new link,https://psu.deltaww.com/index.php/cn/industry-know-how/isolation-level-and-emc-considerations-for-medical-power-supplies,
https://psu.deltaww.com/index.php/cn/news/Medical-grade-Power-Supplies-for-Advanced-Industrial-and-Household-Appliance-Applications,Set 301 redirect to new link,https://psu.deltaww.com/index.php/cn/industry-know-how/medical-grade-power-supplies-for-advanced-industrial-and-household-appliance-applications,
https://psu.deltaww.com/index.php/cn/news/medical-meb-1k5a24t-aaa-product-change-notice,Set 301 redirect to new link,https://psu.deltaww.com/index.php/cn/product-notice/medical-meb-1k5a24t-aaa-product-change-notice,
https://psu.deltaww.com/index.php/cn/news/Medical-Product-Upgrade-Notice-2022-009,Set 301 redirect to new link,https://psu.deltaww.com/index.php/cn/product-notice/medical-product-upgrade-notice-2022-009,
https://psu.deltaww.com/index.php/cn/news/new-delta-st-ard-power-supplies-2014-catalog-is-now-available,"Set 410 ""Gone"" status code",,
https://psu.deltaww.com/index.php/cn/news/New-Delta-St-ard-Power-Supplies-2014-Catalog-is-Now-Available,"Set 410 ""Gone"" status code",,
https://psu.deltaww.com/index.php/cn/news/new-delta-st-ard-power-supplies-catalog---leaflets-october-2017-edition-are-now-available,"Set 410 ""Gone"" status code",,
https://psu.deltaww.com/index.php/cn/news/New-Delta-St-ard-Power-Supplies-Catalog---Leaflets-October-2017-Edition-are-Now-Available,"Set 410 ""Gone"" status code",,
https://psu.deltaww.com/index.php/cn/news/new-delta-st-ard-power-supplies---led-driver-catalogs-october-2015-edition-are-now-available,"Set 410 ""Gone"" status code",,
https://psu.deltaww.com/index.php/cn/news/New-Delta-St-ard-Power-Supplies---LED-Driver-Catalogs-October-2015-Edition-are-Now-Available,"Set 410 ""Gone"" status code",,
https://psu.deltaww.com/index.php/cn/news/open-frame-pjt-40w-mds-040aps-series-product-upgrade-notice,Set 301 redirect to new link,https://psu.deltaww.com/index.php/cn/product-notice/open-frame-pjt-40w-mds-040aps-series-product-upgrade-notice,
https://psu.deltaww.com/index.php/cn/news/parallel-operation-of-power-supplies-with-user-systems,Set 301 redirect to new link,https://psu.deltaww.com/index.php/cn/industry-know-how/parallel-operation-of-power-supplies-with-user-systems,
https://psu.deltaww.com/index.php/cn/news/Product-change-notice-of-firmware-update-by-adding-new-features-PCN-23-004,Set 301 redirect to new link,https://psu.deltaww.com/index.php/cn/product-notice/product-change-notice-of-firmware-update-by-adding-new-features-pcn-23-004,
https://psu.deltaww.com/index.php/cn/news/product-change-notice-of-firmware-update-by-adding-new-features-pcn-23-004,Set 301 redirect to new link,https://psu.deltaww.com/index.php/cn/product-notice/product-change-notice-of-firmware-update-by-adding-new-features-pcn-23-004,
https://psu.deltaww.com/index.php/cn/news/product-change-notice-update-of-dnv-certification-mark-on-specification-label-for-cliq-m-series,Set 301 redirect to new link,https://psu.deltaww.com/index.php/cn/product-notice/product-change-notice-update-of-dnv-certification-mark-on-specification-label-for-cliq-m-series,
https://psu.deltaww.com/index.php/cn/news/product-notice-update-to-the-cliq-m-series-dc-ups-modules-front-labels,Set 301 redirect to new link,https://psu.deltaww.com/index.php/cn/product-notice/product-notice-update-to-the-cliq-m-series-dc-ups-modules-front-labels,
https://psu.deltaww.com/index.php/cn/news/Product-Serial-Number-Format-Change-Notice-PCN-23-001,Set 301 redirect to new link,https://psu.deltaww.com/index.php/cn/product-notice/product-serial-number-format-change-notice-pcn-23-001,
https://psu.deltaww.com/index.php/cn/news/product-serial-number-format-change-notice-pcn-23-001,Set 301 redirect to new link,https://psu.deltaww.com/index.php/cn/product-notice/product-serial-number-format-change-notice-pcn-23-001,
https://psu.deltaww.com/index.php/cn/news/product-upgrade-implementation-of-anodized-aluminum-enclosure-for-the-pmr-pmt2-and-pmt2-eco-series,Set 301 redirect to new link,https://psu.deltaww.com/index.php/cn/product-notice/product-upgrade-implementation-of-anodized-aluminum-enclosure-for-the-pmr-pmt2-and-pmt2-eco-series,
https://psu.deltaww.com/index.php/cn/news/product-upgrade-implementation-of-grille-design-for-pms-series-pmr-xxv1k5w,Set 301 redirect to new link,https://psu.deltaww.com/index.php/cn/product-notice/product-upgrade-implementation-of-grille-design-for-pms-series-pmr-xxv1k5w,
https://psu.deltaww.com/index.php/cn/news/product-upgrade-notice-improved-surge-immunity-for-the-force-gt-series-3-phase-models,Set 301 redirect to new link,https://psu.deltaww.com/index.php/cn/product-notice/product-upgrade-notice-improved-surge-immunity-for-the-force-gt-series-3-phase-models,
https://psu.deltaww.com/index.php/cn/news/product-upgrade-notice-pmr-series-and-force-gt-series-24v-480w-3-phase-product-optimization,Set 301 redirect to new link,https://psu.deltaww.com/index.php/cn/product-notice/product-upgrade-notice-pmr-series-and-force-gt-series-24v-480w-3-phase-product-optimization,
https://psu.deltaww.com/index.php/cn/news/Worlds-First-Augmented-Reality-AR-Power-Supply-Catalog-Now-Available,"Set 410 ""Gone"" status code",,
https://psu.deltaww.com/index.php/cn/news/worlds-first-augmented-reality-ar-power-supply-catalog-now-available,"Set 410 ""Gone"" status code",,
https://psu.deltaww.com/index.php/cn/news/www.DeltaPSU.com,TWJoin to suggest what to do,,
https://psu.deltaww.com/index.php/cn/searchByTag/,Page doesn't exist,,
https://psu.deltaww.com/index.php/cn/searhProductByType,Page doesn't exist,,
https://psu.deltaww.com/index.php/de/eol/indoor-outdoor-signage--and--rdl-led-driver-series-end-of-life-products-eol,Set 301 redirect to new link,https://psu.deltaww.com/index.php/de/eol/indoor-outdoor-signage-rdl-led-driver-series-end-of-life-products-eol,
https://psu.deltaww.com/index.php/de/events/product=,Page doesn't exist,,
https://psu.deltaww.com/index.php/de/loaddocumentPro,Page doesn't exist,,
https://psu.deltaww.com/index.php/de/loadPropoperty,Page doesn't exist,,
https://psu.deltaww.com/index.php/de/news/an-in-depth-guide-selecting-or-developing-the-right-power-supply-for-medical-device,Set 301 redirect to new link,https://psu.deltaww.com/index.php/de/industry-know-how/an-in-depth-guide-selecting-or-developing-the-right-power-supply-for-medical-device,
https://psu.deltaww.com/index.php/de/news/cliq-24v-3-phase-power-supply31-dec-2013-eol,Set 301 redirect to new link,https://psu.deltaww.com/index.php/de/eol/cliq-24v-3-phase-power-supply31-dec-2013-eol,
https://psu.deltaww.com/index.php/de/news/CliQ-M-DC-UPS-Modules-Product-Change-Notice-PCN-23-002,Set 301 redirect to new link,https://psu.deltaww.com/index.php/de/product-notice/cliq-m-dc-ups-modules-product-change-notice-pcn-23-002,
https://psu.deltaww.com/index.php/de/news/Delta-Introduces-the-New-2000-W-Model-for-the-IMA-PLUS-Series-Power-Supply-with-3000-W-Peak-Power,Set 301 redirect to new link,https://psu.deltaww.com/index.php/de/news/delta-introduces-the-new-2-000-w-model-for-the-ima-plus-series-power-supply-with-3-000-w-peak-power,
https://psu.deltaww.com/index.php/de/news/Delta-Medical-Power-Supply-Certificate-Upgrade-Notice,Set 301 redirect to new link,https://psu.deltaww.com/index.php/de/product-notice/delta-medical-power-supply-certificate-upgrade-notice,
https://psu.deltaww.com/index.php/de/news/delta-releases-120w--and--150w-acdc-desktop-adapters-for-industrial-equipment,Set 301 redirect to new link,https://psu.deltaww.com/index.php/de/news/delta-releases-120w-150w-ac-dc-desktop-adapters-for-industrial-equipment,
https://psu.deltaww.com/index.php/de/news/introducing-the-new-deltapsu-homepage,"Set 410 ""Gone"" status code",,
https://psu.deltaww.com/index.php/de/news/isolation-level-and-emc-considerations-for-medical-power-supplies,Set 301 redirect to new link,https://psu.deltaww.com/index.php/de/industry-know-how/isolation-level-and-emc-considerations-for-medical-power-supplies,
https://psu.deltaww.com/index.php/de/news/leakage-current-considerations-for-medical-power-supplies,Set 301 redirect to new link,https://psu.deltaww.com/index.php/de/industry-know-how/leakage-current-considerations-for-medical-power-supplies,
https://psu.deltaww.com/index.php/de/news/New-Delta-St-ard-Power-Supplies-Catalog---Leaflets-October-2017-Edition-are-Now-Available,"Set 410 ""Gone"" status code",,
https://psu.deltaww.com/index.php/de/news/new-delta-st-ard-power-supplies-catalog---leaflets-october-2017-edition-are-now-available,"Set 410 ""Gone"" status code",,
https://psu.deltaww.com/index.php/de/news/Panel-Mount-PMT2-series-Product-Change-Notice,Set 301 redirect to new link,https://psu.deltaww.com/index.php/de/product-notice/panel-mount-pmt2-series-product-change-notice,
https://psu.deltaww.com/index.php/de/news/PJ-Series-Product-Upgrade-Notice-PCN-23-005,Set 301 redirect to new link,https://psu.deltaww.com/index.php/de/product-notice/pj-series-product-upgrade-notice-pcn-23-005,
https://psu.deltaww.com/index.php/de/news/pmf-24v200w-series-end-of-life-eol,Set 301 redirect to new link,https://psu.deltaww.com/index.php/de/eol/pmf-24v200w-series-end-of-life-eol,
https://psu.deltaww.com/index.php/de/news/Product-change-notice-of-firmware-update-by-adding-new-features-PCN-23-004,Set 301 redirect to new link,https://psu.deltaww.com/index.php/de/product-notice/product-change-notice-of-firmware-update-by-adding-new-features-pcn-23-004,
https://psu.deltaww.com/index.php/de/news/product-change-notice-of-firmware-update-by-adding-new-features-pcn-23-004,Set 301 redirect to new link,https://psu.deltaww.com/index.php/de/product-notice/product-change-notice-of-firmware-update-by-adding-new-features-pcn-23-004,
https://psu.deltaww.com/index.php/de/news/product-change-notice-update-of-dnv-certification-mark-on-specification-label-for-cliq-m-series,Set 301 redirect to new link,https://psu.deltaww.com/index.php/de/product-notice/product-change-notice-update-of-dnv-certification-mark-on-specification-label-for-cliq-m-series,
https://psu.deltaww.com/index.php/de/news/product-serial-number-format-change-notice-pcn-23-001,Set 301 redirect to new link,https://psu.deltaww.com/index.php/de/product-notice/product-serial-number-format-change-notice-pcn-23-001,
https://psu.deltaww.com/index.php/de/news/worlds-first-augmented-reality-ar-power-supply-catalog-now-available,"Set 410 ""Gone"" status code",,
https://psu.deltaww.com/index.php/de/searhProductByType,Page doesn't exist,,
https://psu.deltaww.com/index.php/en/news/Additional-Safety-Marks-MEA-250A24C,Set 301 redirect to new link,https://psu.deltaww.com/index.php/en/product-notice/additional-safety-marks-mea-250a24c,
https://psu.deltaww.com/index.php/en/news/An-In-depth-Guide-Selecting-or-Developing-the-Right-Power-Supply-for-Medical-Device,Set 301 redirect to new link,https://psu.deltaww.com/index.php/en/industry-know-how/an-in-depth-guide-selecting-or-developing-the-right-power-supply-for-medical-device,
https://psu.deltaww.com/index.php/en/news/choose-the-right-industrial-power-supplies-for-ev-chargers,Set 301 redirect to new link,https://psu.deltaww.com/index.php/en/industry-know-how/choose-the-right-industrial-power-supplies-for-ev-chargers,
https://psu.deltaww.com/index.php/en/news/cliq-m-dc-ups-modules-product-change-notice-pcn-23-002,Set 301 redirect to new link,https://psu.deltaww.com/index.php/en/product-notice/cliq-m-dc-ups-modules-product-change-notice-pcn-23-002,
https://psu.deltaww.com/index.php/en/news/daisy-chaining-for-parallel-connection-of-din-rail-power-supplies-considerations-and-limitations,Set 301 redirect to new link,https://psu.deltaww.com/index.php/en/industry-know-how/daisy-chaining-for-parallel-connection-of-din-rail-power-supplies-considerations-and-limitations,
https://psu.deltaww.com/index.php/en/news/delta-industrial-power-supply-certificate-upgrade-notice,Set 301 redirect to new link,https://psu.deltaww.com/index.php/en/product-notice/delta-industrial-power-supply-certificate-upgrade-notice,
https://psu.deltaww.com/index.php/en/news/Delta-Industrial-Power-Supply-Certificate-Upgrade-Notice-2022-012,Set 301 redirect to new link,https://psu.deltaww.com/index.php/en/product-notice/delta-industrial-power-supply-certificate-upgrade-notice-2022-012,
https://psu.deltaww.com/index.php/en/news/delta-industrial-power-supply-certificate-upgrade-notice-2022-012,Set 301 redirect to new link,https://psu.deltaww.com/index.php/en/product-notice/delta-industrial-power-supply-certificate-upgrade-notice-2022-012,
https://psu.deltaww.com/index.php/en/news/Delta-Introduces-the-New-2000-W-Model-for-the-IMA-PLUS-Series-Power-Supply-with-3000-W-Peak-Power,Set 301 redirect to new link,https://psu.deltaww.com/index.php/en/news/delta-introduces-the-new-2-000-w-model-for-the-ima-plus-series-power-supply-with-3-000-w-peak-power,
https://psu.deltaww.com/index.php/en/news/Delta-Medical-Power-Supplies-Certificate-Upgrade-Notice--IEC-60601-1-Edition-32,Set 301 redirect to new link,https://psu.deltaww.com/index.php/en/product-notice/delta-medical-power-supplies-certificate-upgrade-notice-iec-60601-1-edition-3-2,
https://psu.deltaww.com/index.php/en/news/delta-medical-power-supplies-certificate-upgrade-notice--iec-60601-1-edition-32,Set 301 redirect to new link,https://psu.deltaww.com/index.php/en/product-notice/delta-medical-power-supplies-certificate-upgrade-notice-iec-60601-1-edition-3-2,
https://psu.deltaww.com/index.php/en/news/deltapsu-ipad-app-launch-announcement,"Set 410 ""Gone"" status code",,
https://psu.deltaww.com/index.php/en/news/DeltaPSU-iPad-App-Launch-Announcement,"Set 410 ""Gone"" status code",,
https://psu.deltaww.com/index.php/en/news/deltapsu-iphone-app-launch-announcement,"Set 410 ""Gone"" status code",,
https://psu.deltaww.com/index.php/en/news/Delta-Showcases-Smart--and--Sustainable-Solutions-at-TEMCA-M-and-E-Thailand-2023,Set 301 redirect to new link,https://psu.deltaww.com/index.php/en/news/delta-showcases-smart-sustainable-solutions-at-temca-m-e-thailand-2023,
https://psu.deltaww.com/index.php/en/news/DRP024V240W1AA-Product-Upgrade-Notice,Set 301 redirect to new link,https://psu.deltaww.com/index.php/en/product-notice/drp024v240w1aa-product-upgrade-notice,
https://psu.deltaww.com/index.php/en/news/enhancing-applications-with-force-gt-series-high-efficiency-din-rail-power-supplies,Set 301 redirect to new link,https://psu.deltaww.com/index.php/en/industry-know-how/enhancing-applications-with-force-gt-series-high-efficiency-din-rail-power-supplies,
https://psu.deltaww.com/index.php/en/news/eol-notification-of-led-drivers-in-lighting-applications,Set 301 redirect to new link,https://psu.deltaww.com/index.php/en/eol/eol-notification-of-led-drivers-in-lighting-applications,
https://psu.deltaww.com/index.php/en/news/isolation-level-and-emc-considerations-for-medical-power-supplies,Set 301 redirect to new link,https://psu.deltaww.com/index.php/en/industry-know-how/isolation-level-and-emc-considerations-for-medical-power-supplies,
https://psu.deltaww.com/index.php/en/news/leakage-current-considerations-for-medical-power-supplies,Set 301 redirect to new link,https://psu.deltaww.com/index.php/en/industry-know-how/leakage-current-considerations-for-medical-power-supplies,
https://psu.deltaww.com/index.php/en/news/LNE-100-W---185-W-Series-End-of-Life-EOL,Set 301 redirect to new link,https://psu.deltaww.com/index.php/en/eol/lne-100-w-185-w-series-end-of-life-eol,
https://psu.deltaww.com/index.php/en/news/lne-100-w---185-w-series-end-of-life-eol,Set 301 redirect to new link,https://psu.deltaww.com/index.php/en/eol/lne-100-w-185-w-series-end-of-life-eol,
https://psu.deltaww.com/index.php/en/news/medical-mea-065a12c-mea-065a15c-mea-065a19c-and-mea-065a24c-series-upgrade-notice,Set 301 redirect to new link,https://psu.deltaww.com/index.php/en/product-notice/medical-mea-065a12c-mea-065a15c-mea-065a19c-and-mea-065a24c-series-upgrade-notice,
https://psu.deltaww.com/index.php/en/news/outdoor-led-driver-series-end-of-life-products-eol,Set 301 redirect to new link,https://psu.deltaww.com/index.php/en/eol/outdoor-led-driver-series-end-of-life-products-eol,
https://psu.deltaww.com/index.php/en/news/parallel-operation-of-power-supplies-with-user-systems,Set 301 redirect to new link,https://psu.deltaww.com/index.php/en/industry-know-how/parallel-operation-of-power-supplies-with-user-systems,
https://psu.deltaww.com/index.php/en/news/PMF-24V200W-Series-End-of-Life-EOL,Set 301 redirect to new link,https://psu.deltaww.com/index.php/en/eol/pmf-24v200w-series-end-of-life-eol,
https://psu.deltaww.com/index.php/en/news/PMH-Series-End-of-Life-EOL,Set 301 redirect to new link,https://psu.deltaww.com/index.php/en/eol/pmh-series-end-of-life-eol,
https://psu.deltaww.com/index.php/en/news/pmt2-350w-series-upgrade-notice,Set 301 redirect to new link,https://psu.deltaww.com/index.php/en/product-notice/pmt2-350w-series-upgrade-notice,
https://psu.deltaww.com/index.php/en/news/pmt2-series-model-simplified,Set 301 redirect to new link,https://psu.deltaww.com/index.php/en/product-notice/pmt2-series-model-simplified,
https://psu.deltaww.com/index.php/en/news/Product-Change-Notice-of-Arena-Sport-Series-EUCO-1K0140GLA-and-EUCO-1K0140GDA-PCN-23-008,Set 301 redirect to new link,https://psu.deltaww.com/index.php/en/product-notice/product-change-notice-of-arena-sport-series-euco-1k0140gla-and-euco-1k0140gda-pcn-23-008,
https://psu.deltaww.com/index.php/en/news/Product-Notice-Update-Screw-Tightening-Torque-for-Panel-Mount-Power-Supplies-PMT2---PMR-Series,Set 301 redirect to new link,https://psu.deltaww.com/index.php/en/product-notice/product-notice-update-screw-tightening-torque-for-panel-mount-power-supplies-pmt2---pmr-series,
https://psu.deltaww.com/index.php/en/news/Product-Serial-Number-Format-Change-Notice-PCN-23-001,Set 301 redirect to new link,https://psu.deltaww.com/index.php/en/product-notice/product-serial-number-format-change-notice-pcn-23-001,
https://psu.deltaww.com/index.php/en/news/product-upgrade-notice-enhanced-certifications-and-optimized-functions-for-delta-industrial-power-supplies-and-modules,Set 301 redirect to new link,https://psu.deltaww.com/index.php/en/product-notice/product-upgrade-notice-enhanced-certifications-and-optimized-functions-for-delta-industrial-power-supplies-and-modules,
https://psu.deltaww.com/index.php/en/news/RoHS-Directive-EU-2015863,Set 301 redirect to new link,https://psu.deltaww.com/index.php/en/product-notice/rohs-directive-eu-2015863,
https://psu.deltaww.com/index.php/en/news/Three-Year-Warranty-Extension-for-Select-Delta-Power-Supplies,Set 301 redirect to new link,https://psu.deltaww.com/index.php/en/product-notice/three-year-warranty-extension-for-select-delta-power-supplies,
https://psu.deltaww.com/index.php/en/news/worlds-first-augmented-reality-ar-power-supply-catalog-now-available,"Set 410 ""Gone"" status code",,
https://psu.deltaww.com/index.php/en/searhProductByType,Page doesn't exist,,
https://psu.deltaww.com/index.php/jp/events/CMEF-Autumn-2021-–-New-Tech,Set 301 redirect to new link,"https://psu.deltaww.com/index.php/jp/events/CMEF-Autumn-2021-%E2%80%93-New-Tech,-Smart-Future",
https://psu.deltaww.com/index.php/jp/events/product=,Page doesn't exist,,
https://psu.deltaww.com/index.php/jp/loaddocumentPro,Page doesn't exist,,
https://psu.deltaww.com/index.php/jp/loadparallercon,Page doesn't exist,,
https://psu.deltaww.com/index.php/jp/loadPropoperty,Page doesn't exist,,
https://psu.deltaww.com/index.php/jp/news/cliq-24v-3-phase-power-supply31-dec-2013-eol,Set 301 redirect to new link,https://psu.deltaww.com/index.php/jp/eol/cliq-24v-3-phase-power-supply31-dec-2013-eol,
https://psu.deltaww.com/index.php/jp/news/daisy-chaining-for-parallel-connection-of-din-rail-power-supplies-considerations-and-limitations,Set 301 redirect to new link,https://psu.deltaww.com/index.php/jp/industry-know-how/daisy-chaining-for-parallel-connection-of-din-rail-power-supplies-considerations-and-limitations,
https://psu.deltaww.com/index.php/jp/news/deltapsu-iphone-app-launch-announcement,"Set 410 ""Gone"" status code",,
https://psu.deltaww.com/index.php/jp/news/Delta-Releases-120W--and--150W-ACDC-Desktop-Adapters-for-Industrial-Equipment,Set 301 redirect to new link,https://psu.deltaww.com/index.php/jp/news/delta-releases-120w-150w-ac-dc-desktop-adapters-for-industrial-equipment,
https://psu.deltaww.com/index.php/jp/news/delta-releases-120w--and--150w-acdc-desktop-adapters-for-industrial-equipment,Set 301 redirect to new link,https://psu.deltaww.com/index.php/jp/news/delta-releases-120w-150w-ac-dc-desktop-adapters-for-industrial-equipment,
https://psu.deltaww.com/index.php/jp/news/enhancing-applications-with-force-gt-series-high-efficiency-din-rail-power-supplies,Set 301 redirect to new link,https://psu.deltaww.com/index.php/jp/industry-know-how/enhancing-applications-with-force-gt-series-high-efficiency-din-rail-power-supplies,
https://psu.deltaww.com/index.php/jp/news/industrial-power-supplies-end-of-life-eol-notice,Set 301 redirect to new link,https://psu.deltaww.com/index.php/jp/eol/industrial-power-supplies-end-of-life-eol-notice,
https://psu.deltaww.com/index.php/jp/news/led-drivers-end-of-life-eol-notice,Set 301 redirect to new link,https://psu.deltaww.com/index.php/jp/eol/led-drivers-end-of-life-eol-notice,
https://psu.deltaww.com/index.php/jp/news/medical-meb-1k5a24t-aaa-product-change-notice,Set 301 redirect to new link,https://psu.deltaww.com/index.php/jp/product-notice/medical-meb-1k5a24t-aaa-product-change-notice,
https://psu.deltaww.com/index.php/jp/news/PMT2-Series-Model-Simplified,Set 301 redirect to new link,https://psu.deltaww.com/index.php/jp/product-notice/pmt2-series-model-simplified,
https://psu.deltaww.com/index.php/jp/news/pmt2-series-model-simplified,Set 301 redirect to new link,https://psu.deltaww.com/index.php/jp/product-notice/pmt2-series-model-simplified,
https://psu.deltaww.com/index.php/jp/news/Product-change-notice-of-firmware-update-by-adding-new-features-PCN-23-004,Set 301 redirect to new link,https://psu.deltaww.com/index.php/jp/product-notice/product-change-notice-of-firmware-update-by-adding-new-features-pcn-23-004,
https://psu.deltaww.com/index.php/jp/news/product-change-notice-of-firmware-update-by-adding-new-features-pcn-23-004,Set 301 redirect to new link,https://psu.deltaww.com/index.php/jp/product-notice/product-change-notice-of-firmware-update-by-adding-new-features-pcn-23-004,
https://psu.deltaww.com/index.php/jp/news/product-notice-update-screw-tightening-torque-for-panel-mount-power-supplies-pmt2---pmr-series,Set 301 redirect to new link,https://psu.deltaww.com/index.php/jp/product-notice/product-notice-update-screw-tightening-torque-for-panel-mount-power-supplies-pmt2---pmr-series,
https://psu.deltaww.com/index.php/jp/news/the-latest-edition-of-delta-st-ard-power-supplies-catalog-august-2013-is-now-available,"Set 410 ""Gone"" status code",,
https://psu.deltaww.com/index.php/jp/news/www.DeltaPSU.com,TWJoin to suggest what to do,,
https://psu.deltaww.com/index.php/jp/searchAll/,Page doesn't exist,,
https://psu.deltaww.com/index.php/jp/searhProductByType,Page doesn't exist,,
https://psu.deltaww.com/index.php/jp/searhstate,Page doesn't exist,,
https://psu.deltaww.com/index.php/tr/events/product=,Page doesn't exist,,
https://psu.deltaww.com/index.php/tr/loaddocumentPro,Page doesn't exist,,
https://psu.deltaww.com/index.php/tr/loadPropoperty,Page doesn't exist,,
https://psu.deltaww.com/index.php/tr/news/DRP024V240W1AA-Product-Upgrade-Notice,Set 301 redirect to new link,https://psu.deltaww.com/index.php/tr/product-notice/drp024v240w1aa-product-upgrade-notice,
https://psu.deltaww.com/index.php/tr/news/euco-600-series-product-notice-expanded-600w-cable-type,Set 301 redirect to new link,https://psu.deltaww.com/index.php/tr/product-notice/euco-600-series-product-notice-expanded-600w-cable-type,
https://psu.deltaww.com/index.php/tr/news/leakage-current-considerations-for-medical-power-supplies,Set 301 redirect to new link,https://psu.deltaww.com/index.php/tr/industry-know-how/leakage-current-considerations-for-medical-power-supplies,
https://psu.deltaww.com/index.php/tr/news/medical-mds-065aps-mds-250apb24---mds-250adb24-series-product-change-notice,Set 301 redirect to new link,https://psu.deltaww.com/tr/product-notice/medical-mds-065aps-mds-250apb24-and-mds-250adb24-series-product-change-notice,
https://psu.deltaww.com/index.php/tr/news/medical-mds-400adb24-meb-750a-meb-1k5a48t-aaa-and-meb-1k2a-series-product-change-notice,Set 301 redirect to new link,https://psu.deltaww.com/index.php/tr/product-notice/medical-mds-400adb24-meb-750a-meb-1k5a48t-aaa-and-meb-1k2a-series-product-change-notice,
https://psu.deltaww.com/index.php/tr/news/new-delta-st-ard-power-supplies-catalog-april-2016-edition-is-now-available,"Set 410 ""Gone"" status code",,
https://psu.deltaww.com/index.php/tr/news/New-Delta-St-ard-Power-Supplies-Catalog-April-2016-Edition-is-Now-Available,"Set 410 ""Gone"" status code",,
https://psu.deltaww.com/index.php/tr/news/PMT2-350W-Series-Upgrade-Notice,Set 301 redirect to new link,https://psu.deltaww.com/index.php/tr/product-notice/pmt2-350w-series-upgrade-notice,
https://psu.deltaww.com/index.php/tr/news/pmt2-350w-series-upgrade-notice,Set 301 redirect to new link,https://psu.deltaww.com/index.php/tr/product-notice/pmt2-350w-series-upgrade-notice,
https://psu.deltaww.com/index.php/tr/news/Product-Notice-EUCO-2K1200GxA-Luminaire-Over-Temperature-Protection-Function-Upgrade,Set 301 redirect to new link,https://psu.deltaww.com/index.php/tr/product-notice/product-notice-euco-2k1200gxa-luminaire-over-temperature-protection-function-upgrade,
https://psu.deltaww.com/index.php/tr/news/product-upgrade-notice-enhanced-certifications-and-optimized-functions-for-delta-industrial-power-supplies-and-modules,Set 301 redirect to new link,https://psu.deltaww.com/index.php/tr/product-notice/product-upgrade-notice-enhanced-certifications-and-optimized-functions-for-delta-industrial-power-supplies-and-modules,
https://psu.deltaww.com/index.php/tr/news/worlds-first-augmented-reality-ar-power-supply-catalog-now-available,"Set 410 ""Gone"" status code",,
"https://psu.deltaww.com/index.php/tr/products/download/UL/?ÿ</font></b></nobr></div></span></font><font 
size=3 face=",TWJoin to suggest what to do,,
https://psu.deltaww.com/index.php/tr/searhstate,Page doesn't exist,,
https://psu.deltaww.com/index.php/tw/checkProductSection,Page doesn't exist,,
https://psu.deltaww.com/index.php/tw/loadparallercon,Page doesn't exist,,
https://psu.deltaww.com/index.php/tw/news/additional-safety-marks-mds-060aas12-ba,Set 301 redirect to new link,https://psu.deltaww.com/index.php/tw/product-notice/additional-safety-marks-mds-060aas12-ba,
https://psu.deltaww.com/index.php/tw/news/Additional-Safety-Marks-MDS-060AAS12-BA,Set 301 redirect to new link,https://psu.deltaww.com/index.php/tw/product-notice/additional-safety-marks-mds-060aas12-ba,
https://psu.deltaww.com/index.php/tw/news/cliq-24v-3-phase-power-supply31-dec-2013-eol,Set 301 redirect to new link,https://psu.deltaww.com/index.php/tw/eol/cliq-24v-3-phase-power-supply31-dec-2013-eol,
https://psu.deltaww.com/index.php/tw/news/CliQ-24V-3-Phase-Power-Supply31-Dec-2013-EOL,Set 301 redirect to new link,https://psu.deltaww.com/index.php/tw/eol/cliq-24v-3-phase-power-supply31-dec-2013-eol,
https://psu.deltaww.com/index.php/tw/news/CliQ-and-PMC-Series-End-of-Life-EOL,Set 301 redirect to new link,https://psu.deltaww.com/index.php/tw/eol/cliq-and-pmc-series-end-of-life-eol,
https://psu.deltaww.com/index.php/tw/news/cliq-and-pmc-series-end-of-life-eol,Set 301 redirect to new link,https://psu.deltaww.com/index.php/tw/eol/cliq-and-pmc-series-end-of-life-eol,
https://psu.deltaww.com/index.php/tw/news/cliq-m-dc-ups-modules-product-change-notice-pcn-23-002,Set 301 redirect to new link,https://psu.deltaww.com/index.php/tw/product-notice/cliq-m-dc-ups-modules-product-change-notice-pcn-23-002,
https://psu.deltaww.com/index.php/tw/news/daisy-chaining-for-parallel-connection-of-din-rail-power-supplies-considerations-and-limitations,Set 301 redirect to new link,https://psu.deltaww.com/index.php/tw/industry-know-how/daisy-chaining-for-parallel-connection-of-din-rail-power-supplies-considerations-and-limitations,
https://psu.deltaww.com/index.php/tw/news/Delta-Industrial-Power-Supply-Product-Change-Notice-2022-005,Set 301 redirect to new link,https://psu.deltaww.com/index.php/tw/product-notice/delta-industrial-power-supply-product-change-notice-2022-005,
https://psu.deltaww.com/index.php/tw/news/delta-introduces-the-new-2000-w-model-for-the-ima-plus-series-power-supply-with-3000-w-peak-power,Set 301 redirect to new link,https://psu.deltaww.com/index.php/tw/news/delta-introduces-the-new-2-000-w-model-for-the-ima-plus-series-power-supply-with-3-000-w-peak-power,
https://psu.deltaww.com/index.php/tw/news/Delta-Medical-Power-Supplies-Certificate-Upgrade-Notice--IEC-60601-1-Edition-32,Set 301 redirect to new link,https://psu.deltaww.com/index.php/tw/product-notice/delta-medical-power-supplies-certificate-upgrade-notice-iec-60601-1-edition-3-2,
https://psu.deltaww.com/index.php/tw/news/Delta-Product-Label-Trademark-Update-and-the-Removal-of-Representative-Address,Set 301 redirect to new link,https://psu.deltaww.com/index.php/tw/product-notice/delta-product-label-trademark-update-and-the-removal-of-representative-address,
https://psu.deltaww.com/index.php/tw/news/delta-product-label-trademark-update-and-the-removal-of-representative-address,Set 301 redirect to new link,https://psu.deltaww.com/index.php/tw/product-notice/delta-product-label-trademark-update-and-the-removal-of-representative-address,
https://psu.deltaww.com/index.php/tw/news/deltapsu-iphone-app-launch-announcement,"Set 410 ""Gone"" status code",,
https://psu.deltaww.com/index.php/tw/news/din-rail-lyte-ii-120w-and-240w-series-product-change-notice,Set 301 redirect to new link,https://psu.deltaww.com/index.php/tw/product-notice/din-rail-lyte-ii-120w-and-240w-series-product-change-notice,
https://psu.deltaww.com/index.php/tw/news/drp024v240w1aa-product-upgrade-notice,Set 301 redirect to new link,https://psu.deltaww.com/index.php/tw/product-notice/drp024v240w1aa-product-upgrade-notice,
https://psu.deltaww.com/index.php/tw/news/eol-notification-of-led-drivers-in-lighting-applications,Set 301 redirect to new link,https://psu.deltaww.com/index.php/tw/eol/eol-notification-of-led-drivers-in-lighting-applications,
https://psu.deltaww.com/index.php/tw/news/industrial-power-supplies-and-led-drivers-end-of-life-eol-notice,Set 301 redirect to new link,https://psu.deltaww.com/index.php/tw/eol/industrial-power-supplies-and-led-drivers-end-of-life-eol-notice,
https://psu.deltaww.com/index.php/tw/news/led-drivers-end-of-life-eol-notice,Set 301 redirect to new link,https://psu.deltaww.com/index.php/tw/eol/led-drivers-end-of-life-eol-notice,
https://psu.deltaww.com/index.php/tw/news/MDS-060AAS-series-End-of-Life-EOL,Set 301 redirect to new link,https://psu.deltaww.com/index.php/tw/eol/mds-060aas-series-end-of-life-eol,
https://psu.deltaww.com/index.php/tw/news/mds-060aas-series-end-of-life-eol,Set 301 redirect to new link,https://psu.deltaww.com/index.php/tw/eol/mds-060aas-series-end-of-life-eol,
https://psu.deltaww.com/index.php/tw/news/meb-500a24f-aa--and--pmc-24v600w1rw-upgrade-notice,Set 301 redirect to new link,https://psu.deltaww.com/index.php/tw/product-notice/meb-500a24f-aa--and--pmc-24v600w1rw-upgrade-notice,
https://psu.deltaww.com/index.php/tw/news/MEB-500A24F-AA--and--PMC-24V600W1RW-Upgrade-Notice,Set 301 redirect to new link,https://psu.deltaww.com/index.php/tw/product-notice/meb-500a24f-aa--and--pmc-24v600w1rw-upgrade-notice,
https://psu.deltaww.com/index.php/tw/news/medical-adapter-upgrade-notice-mea-250a24c-h-a,Set 301 redirect to new link,https://psu.deltaww.com/index.php/tw/product-notice/medical-adapter-upgrade-notice-mea-250a24c-h-a,
https://psu.deltaww.com/index.php/tw/news/Medical-Adapter-Upgrade-Notice-MEA-250A24C-H-A,Set 301 redirect to new link,https://psu.deltaww.com/index.php/tw/product-notice/medical-adapter-upgrade-notice-mea-250a24c-h-a,
https://psu.deltaww.com/index.php/tw/news/Medical-MDS-250-MDS-300-and-MDS-400-Series-Product-Change-Notice,Set 301 redirect to new link,https://psu.deltaww.com/index.php/tw/product-notice/medical-mds-250-mds-300-and-mds-400-series-product-change-notice,
https://psu.deltaww.com/index.php/tw/news/medical-mds-400adb24-meb-750a-meb-1k5a48t-aaa-and-meb-1k2a-series-product-change-notice,Set 301 redirect to new link,https://psu.deltaww.com/index.php/tw/product-notice/medical-mds-400adb24-meb-750a-meb-1k5a48t-aaa-and-meb-1k2a-series-product-change-notice,
https://psu.deltaww.com/index.php/tw/news/medical-mea-065a12c-mea-065a15c-mea-065a19c-and-mea-065a24c-series-upgrade-notice,Set 301 redirect to new link,https://psu.deltaww.com/index.php/tw/product-notice/medical-mea-065a12c-mea-065a15c-mea-065a19c-and-mea-065a24c-series-upgrade-notice,
https://psu.deltaww.com/index.php/tw/news/MEG-A-Series-Safety-Mark-Upgrade-Notice,Set 301 redirect to new link,https://psu.deltaww.com/index.php/tw/product-notice/meg-a-series-safety-mark-upgrade-notice,
https://psu.deltaww.com/index.php/tw/news/parallel-operation-of-power-supplies-with-user-systems,Set 301 redirect to new link,https://psu.deltaww.com/index.php/tw/industry-know-how/parallel-operation-of-power-supplies-with-user-systems,
https://psu.deltaww.com/index.php/tw/news/pj-series-product-upgrade-notice-pcn-23-005,Set 301 redirect to new link,https://psu.deltaww.com/index.php/tw/product-notice/pj-series-product-upgrade-notice-pcn-23-005,
https://psu.deltaww.com/index.php/tw/news/pmt2-350w-series-upgrade-notice,Set 301 redirect to new link,https://psu.deltaww.com/index.php/tw/product-notice/pmt2-350w-series-upgrade-notice,
https://psu.deltaww.com/index.php/tw/news/Product-Change-Notice-of-Arena-Sport-Series-EUCO-1K0140GLA-and-EUCO-1K0140GDA-PCN-23-008,Set 301 redirect to new link,https://psu.deltaww.com/index.php/tw/product-notice/product-change-notice-of-arena-sport-series-euco-1k0140gla-and-euco-1k0140gda-pcn-23-008,
https://psu.deltaww.com/index.php/tw/news/product-change-notice-of-arena-sport-series-euco-1k0140gla-and-euco-1k0140gda-pcn-23-008,Set 301 redirect to new link,https://psu.deltaww.com/index.php/tw/product-notice/product-change-notice-of-arena-sport-series-euco-1k0140gla-and-euco-1k0140gda-pcn-23-008,
https://psu.deltaww.com/index.php/tw/news/Product-Notice-Update-Screw-Tightening-Torque-for-Panel-Mount-Power-Supplies-PMT2---PMR-Series,Set 301 redirect to new link,https://psu.deltaww.com/index.php/tw/product-notice/product-notice-update-screw-tightening-torque-for-panel-mount-power-supplies-pmt2---pmr-series,
https://psu.deltaww.com/index.php/tw/news/product-notice-update-screw-tightening-torque-for-panel-mount-power-supplies-pmt2---pmr-series,Set 301 redirect to new link,https://psu.deltaww.com/index.php/tw/product-notice/product-notice-update-screw-tightening-torque-for-panel-mount-power-supplies-pmt2---pmr-series,
https://psu.deltaww.com/index.php/tw/news/product-notice-update-to-the-cliq-m-series-dc-ups-modules-front-labels,Set 301 redirect to new link,https://psu.deltaww.com/index.php/tw/product-notice/product-notice-update-to-the-cliq-m-series-dc-ups-modules-front-labels,
https://psu.deltaww.com/index.php/tw/news/Product-Serial-Number-Format-Change-Notice-PCN-23-001,Set 301 redirect to new link,https://psu.deltaww.com/index.php/tw/product-notice/product-serial-number-format-change-notice-pcn-23-001,
https://psu.deltaww.com/index.php/tw/news/product-serial-number-format-change-notice-pcn-23-001,Set 301 redirect to new link,https://psu.deltaww.com/index.php/tw/product-notice/product-serial-number-format-change-notice-pcn-23-001,
https://psu.deltaww.com/index.php/tw/news/product-upgrade-implementation-of-anodized-aluminum-enclosure-for-the-pmr-pmt2-and-pmt2-eco-series,Set 301 redirect to new link,https://psu.deltaww.com/index.php/tw/product-notice/product-upgrade-implementation-of-anodized-aluminum-enclosure-for-the-pmr-pmt2-and-pmt2-eco-series,
https://psu.deltaww.com/index.php/tw/news/product-upgrade-notice-enhanced-certifications-and-optimized-functions-for-delta-industrial-power-supplies-and-modules,Set 301 redirect to new link,https://psu.deltaww.com/index.php/tw/product-notice/product-upgrade-notice-enhanced-certifications-and-optimized-functions-for-delta-industrial-power-supplies-and-modules,
https://psu.deltaww.com/index.php/tw/news/product-upgrade-notice-pmr-12v320w1at-and-pmr-24v320w1at-product-optimization,Set 301 redirect to new link,https://psu.deltaww.com/index.php/tw/product-notice/product-upgrade-notice-pmr-12v320w1at-and-pmr-24v320w1at-product-optimization,
https://psu.deltaww.com/index.php/tw/news/product-upgrade-notice-pmr-series-and-force-gt-series-24v-480w-3-phase-product-optimization,Set 301 redirect to new link,https://psu.deltaww.com/index.php/tw/product-notice/product-upgrade-notice-pmr-series-and-force-gt-series-24v-480w-3-phase-product-optimization,
https://psu.deltaww.com/index.php/tw/news/RoHS-Directive-EU-2015863,Set 301 redirect to new link,https://psu.deltaww.com/index.php/tw/product-notice/rohs-directive-eu-2015863,
https://psu.deltaww.com/index.php/tw/news/Standard-Industrial-Power-Supply-Production-Transfer--From-Wujiang-to-Dongguan-China-2022-004,Set 301 redirect to new link,https://psu.deltaww.com/index.php/tw/product-notice/standard-industrial-power-supply-production-transfer--from-wujiang-to-dongguan-china-2022-004,
https://psu.deltaww.com/index.php/tw/news/Three-Year-Warranty-Extension-for-Select-Delta-Power-Supplies,Set 301 redirect to new link,https://psu.deltaww.com/index.php/tw/product-notice/three-year-warranty-extension-for-select-delta-power-supplies,
https://psu.deltaww.com/index.php/tw/news/three-year-warranty-extension-for-select-delta-power-supplies,Set 301 redirect to new link,https://psu.deltaww.com/index.php/tw/product-notice/three-year-warranty-extension-for-select-delta-power-supplies,
https://psu.deltaww.com/index.php/tw/RemovedataInSection,Page doesn't exist,,
https://psu.deltaww.com/index.php/tw/searchAll/,Page doesn't exist,,
https://psu.deltaww.com/index.php/tw/searhstate,Page doesn't exist,,
https://psu.deltaww.com/index.php/tw/setlocaltion,Page doesn't exist,,
https://psu.deltaww.com/jp/checkProductSection,Page doesn't exist,,
https://psu.deltaww.com/jp/events/product=,Page doesn't exist,,
https://psu.deltaww.com/jp/getProductByType,Page doesn't exist,,
https://psu.deltaww.com/jp/loaddocumentPro,Page doesn't exist,,
https://psu.deltaww.com/jp/loadImageProByArr,Page doesn't exist,,
https://psu.deltaww.com/jp/loadPropoperty,Page doesn't exist,,
https://psu.deltaww.com/jp/news/”/product/din-rail-power-supply/1/lyte-ii/90”,Fixed internal link already,,
https://psu.deltaww.com/jp/news/additional-safety-marks-mea-250a24c,Set 301 redirect to new link,https://psu.deltaww.com/jp/product-notice/additional-safety-marks-mea-250a24c,
https://psu.deltaww.com/jp/news/choose-the-right-industrial-power-supplies-for-ev-chargers,Set 301 redirect to new link,https://psu.deltaww.com/jp/industry-know-how/choose-the-right-industrial-power-supplies-for-ev-chargers,
https://psu.deltaww.com/jp/news/cliq-24v-3-phase-power-supply31-dec-2013-eol,Set 301 redirect to new link,https://psu.deltaww.com/jp/eol/cliq-24v-3-phase-power-supply31-dec-2013-eol,
https://psu.deltaww.com/jp/news/CliQ-24V-3-Phase-Power-Supply31-Dec-2013-EOL,Set 301 redirect to new link,https://psu.deltaww.com/jp/eol/cliq-24v-3-phase-power-supply31-dec-2013-eol,
https://psu.deltaww.com/jp/news/cliq-m-dc-ups-modules-product-change-notice-pcn-23-002,Set 301 redirect to new link,https://psu.deltaww.com/jp/product-notice/cliq-m-dc-ups-modules-product-change-notice-pcn-23-002,
https://psu.deltaww.com/jp/news/daisy-chaining-for-parallel-connection-of-din-rail-power-supplies-considerations-and-limitations,Set 301 redirect to new link,https://psu.deltaww.com/jp/industry-know-how/daisy-chaining-for-parallel-connection-of-din-rail-power-supplies-considerations-and-limitations,
https://psu.deltaww.com/jp/news/delta-introduces-the-new-2000-w-model-for-the-ima-plus-series-power-supply-with-3000-w-peak-power,Set 301 redirect to new link,https://psu.deltaww.com/jp/news/delta-introduces-the-new-2-000-w-model-for-the-ima-plus-series-power-supply-with-3-000-w-peak-power,
https://psu.deltaww.com/jp/news/Delta-Medical-Power-Supply-Product-Change-Notice-2022-007,Set 301 redirect to new link,https://psu.deltaww.com/jp/product-notice/delta-medical-power-supply-product-change-notice-2022-007,
https://psu.deltaww.com/jp/news/delta-medical-power-supply-product-change-notice-2022-007,Set 301 redirect to new link,https://psu.deltaww.com/jp/product-notice/delta-medical-power-supply-product-change-notice-2022-007,
https://psu.deltaww.com/jp/news/delta-product-label-trademark-update-and-the-removal-of-representative-address,Set 301 redirect to new link,https://psu.deltaww.com/jp/product-notice/delta-product-label-trademark-update-and-the-removal-of-representative-address,
https://psu.deltaww.com/jp/news/Delta-Product-Label-Trademark-Update-and-the-Removal-of-Representative-Address,Set 301 redirect to new link,https://psu.deltaww.com/jp/product-notice/delta-product-label-trademark-update-and-the-removal-of-representative-address,
https://psu.deltaww.com/jp/news/DeltaPSU-iPhone-App-Launch-Announcement,"Set 410 ""Gone"" status code",,
https://psu.deltaww.com/jp/news/delta-releases-120w--and--150w-acdc-desktop-adapters-for-industrial-equipment,Set 301 redirect to new link,https://psu.deltaww.com/jp/news/delta-releases-120w-150w-ac-dc-desktop-adapters-for-industrial-equipment,
https://psu.deltaww.com/jp/news/enhancing-applications-with-force-gt-series-high-efficiency-din-rail-power-supplies,Set 301 redirect to new link,https://psu.deltaww.com/jp/industry-know-how/enhancing-applications-with-force-gt-series-high-efficiency-din-rail-power-supplies,
https://psu.deltaww.com/jp/news/indoor-outdoor-signage--and--rdl-led-driver-series-end-of-life-products-eol,Set 301 redirect to new link,https://psu.deltaww.com/jp/eol/indoor-outdoor-signage-rdl-led-driver-series-end-of-life-products-eol,
https://psu.deltaww.com/jp/news/Indoor-Outdoor-Signage--and--RDL-LED-Driver-Series-End-of-Life-Products-EOL,Set 301 redirect to new link,https://psu.deltaww.com/jp/eol/indoor-outdoor-signage-rdl-led-driver-series-end-of-life-products-eol,
https://psu.deltaww.com/jp/news/industrial-power-supplies-end-of-life-eol-notice,Set 301 redirect to new link,https://psu.deltaww.com/jp/eol/industrial-power-supplies-end-of-life-eol-notice,
https://psu.deltaww.com/jp/news/led-drivers-end-of-life-eol-notice,Set 301 redirect to new link,https://psu.deltaww.com/jp/news/led-drivers-end-of-life-eol-notice,
https://psu.deltaww.com/jp/news/medical-mds-400aus19-ba-mds-400aus19-bb-and-mds-400aus24-ba-series-product-change-notice,Set 301 redirect to new link,https://psu.deltaww.com/jp/product-notice/medical-mds-400aus19-ba-mds-400aus19-bb-and-mds-400aus24-ba-series-product-change-notice,
https://psu.deltaww.com/jp/news/medical-product-upgrade-to-chinas-latest-safety--and--emc-standards-pcn-23-006,Set 301 redirect to new link,https://psu.deltaww.com/jp/product-notice/medical-product-upgrade-to-china-s-latest-safety-emc-standards-pcn-23-006,
https://psu.deltaww.com/jp/news/Medical-Product-Upgrade-to-Chinas-Latest-Safety--and--EMC-Standards-PCN-23-006,Set 301 redirect to new link,https://psu.deltaww.com/jp/product-notice/medical-product-upgrade-to-china-s-latest-safety-emc-standards-pcn-23-006,
https://psu.deltaww.com/jp/news/new-delta-st-ard-power-supplies-catalog-april-2016-edition-is-now-available,"Set 410 ""Gone"" status code",,
https://psu.deltaww.com/jp/news/New-Delta-St-ard-Power-Supplies-Catalog---Leaflets-October-2017-Edition-are-Now-Available,"Set 410 ""Gone"" status code",,
https://psu.deltaww.com/jp/news/new-delta-st-ard-power-supplies---led-driver-catalogs-october-2015-edition-are-now-available,"Set 410 ""Gone"" status code",,
https://psu.deltaww.com/jp/news/open-frame-pjt-40w-mds-040aps-series-product-upgrade-notice,Set 301 redirect to new link,https://psu.deltaww.com/jp/product-notice/open-frame-pjt-40w-mds-040aps-series-product-upgrade-notice,
https://psu.deltaww.com/jp/news/parallel-operation-of-power-supplies-with-user-systems,Set 301 redirect to new link,https://psu.deltaww.com/jp/industry-know-how/parallel-operation-of-power-supplies-with-user-systems,
https://psu.deltaww.com/jp/news/product-change-notice-of-firmware-update-by-adding-new-features-pcn-23-004,Set 301 redirect to new link,https://psu.deltaww.com/jp/product-notice/product-change-notice-of-firmware-update-by-adding-new-features-pcn-23-004,
https://psu.deltaww.com/jp/news/Product-change-notice-of-firmware-update-by-adding-new-features-PCN-23-004,Set 301 redirect to new link,https://psu.deltaww.com/jp/product-notice/product-change-notice-of-firmware-update-by-adding-new-features-pcn-23-004,
https://psu.deltaww.com/jp/news/product-notice-relocation-of-standard-industrial-power-supplies-manufacturing,Set 301 redirect to new link,https://psu.deltaww.com/jp/product-notice/product-notice-relocation-of-standard-industrial-power-supplies-manufacturing,
https://psu.deltaww.com/jp/news/Product-Notice-Update-Screw-Tightening-Torque-for-Panel-Mount-Power-Supplies-PMT2---PMR-Series,Set 301 redirect to new link,https://psu.deltaww.com/jp/product-notice/product-notice-update-screw-tightening-torque-for-panel-mount-power-supplies-pmt2---pmr-series,
https://psu.deltaww.com/jp/news/product-notice-update-screw-tightening-torque-for-panel-mount-power-supplies-pmt2---pmr-series,Set 301 redirect to new link,https://psu.deltaww.com/jp/product-notice/product-notice-update-screw-tightening-torque-for-panel-mount-power-supplies-pmt2---pmr-series,
https://psu.deltaww.com/jp/news/product-upgrade-implementation-of-grille-design-for-pms-series-pmr-xxv1k5w,Set 301 redirect to new link,https://psu.deltaww.com/jp/product-notice/product-upgrade-implementation-of-grille-design-for-pms-series-pmr-xxv1k5w,
https://psu.deltaww.com/jp/news/product-upgrade-notice-improved-surge-immunity-for-the-force-gt-series-3-phase-models,Set 301 redirect to new link,https://psu.deltaww.com/jp/product-notice/product-upgrade-notice-improved-surge-immunity-for-the-force-gt-series-3-phase-models,
https://psu.deltaww.com/jp/news/product-upgrade-notice-planned-implementation-of-plastic-free-packaging-materials-for-industrial-power-supplies,Set 301 redirect to new link,https://psu.deltaww.com/jp/product-notice/product-upgrade-notice-planned-implementation-of-plastic-free-packaging-materials-for-industrial-power-supplies,
https://psu.deltaww.com/jp/news/product-upgrade-notice-pmr-12v320w1at-and-pmr-24v320w1at-product-optimization,Set 301 redirect to new link,https://psu.deltaww.com/jp/product-notice/product-upgrade-notice-pmr-12v320w1at-and-pmr-24v320w1at-product-optimization,
https://psu.deltaww.com/jp/news/product-upgrade-notice-pmr-series-and-force-gt-series-24v-480w-3-phase-product-optimization,Set 301 redirect to new link,https://psu.deltaww.com/jp/product-notice/product-upgrade-notice-pmr-series-and-force-gt-series-24v-480w-3-phase-product-optimization,
https://psu.deltaww.com/jp/news/rohs-directive-eu-2015863,Set 301 redirect to new link,https://psu.deltaww.com/jp/product-notice/rohs-directive-eu-2015863,
https://psu.deltaww.com/jp/news/RoHS-Directive-EU-2015863,Set 301 redirect to new link,https://psu.deltaww.com/jp/product-notice/rohs-directive-eu-2015863,
https://psu.deltaww.com/jp/news/three-year-warranty-extension-for-select-delta-power-supplies,Set 301 redirect to new link,https://psu.deltaww.com/jp/product-notice/three-year-warranty-extension-for-select-delta-power-supplies,
https://psu.deltaww.com/jp/news/Three-Year-Warranty-Extension-for-Select-Delta-Power-Supplies,Set 301 redirect to new link,https://psu.deltaww.com/jp/product-notice/three-year-warranty-extension-for-select-delta-power-supplies,
https://psu.deltaww.com/jp/news/www.DeltaPSU.com,TWJoin to suggest what to do,,
"https://psu.deltaww.com/jp/products/enclosed/products/open-frame-power-supply/MEP-200A12J 
CNA",Fixed internal link already,,
https://psu.deltaww.com/jp/RemovedataInSection,Page doesn't exist,,
https://psu.deltaww.com/jp/searchAll/,Page doesn't exist,,
https://psu.deltaww.com/jp/searchByOptionalModel/,Page doesn't exist,,
https://psu.deltaww.com/jp/searchByTag/,Page doesn't exist,,
https://psu.deltaww.com/jp/searchDocByModelId,Page doesn't exist,,
https://psu.deltaww.com/jp/searhProductByType,Page doesn't exist,,
https://psu.deltaww.com/jp/setlocaltion,Page doesn't exist,,
https://psu.deltaww.com/jp/tag_product,Page doesn't exist,,
https://psu.deltaww.com/medias/categories/,Page doesn't exist,,
https://psu.deltaww.com/news/choose-the-right-industrial-power-supplies-for-ev-chargers,Set 301 redirect to new link,https://psu.deltaww.com/en/industry-know-how/choose-the-right-industrial-power-supplies-for-ev-chargers,
https://psu.deltaww.com/news/enhancing-applications-with-force-gt-series-high-efficiency-din-rail-power-supplies,Set 301 redirect to new link,https://psu.deltaww.com/en/industry-know-how/enhancing-applications-with-force-gt-series-high-efficiency-din-rail-power-supplies,
https://psu.deltaww.com/news/parallel-operation-of-power-supplies-with-user-systems,Set 301 redirect to new link,https://psu.deltaww.com/en/industry-know-how/parallel-operation-of-power-supplies-with-user-systems,
https://psu.deltaww.com/tr/checkProductSection,Page doesn't exist,,
https://psu.deltaww.com/tr/clearproductsection,Page doesn't exist,,
https://psu.deltaww.com/tr/getProById,Page doesn't exist,,
https://psu.deltaww.com/tr/getProductByType,Page doesn't exist,,
https://psu.deltaww.com/tr/loaddocumentPro,Page doesn't exist,,
https://psu.deltaww.com/tr/loadImageProByArr,Page doesn't exist,,
https://psu.deltaww.com/tr/loadnewPerti,Page doesn't exist,,
https://psu.deltaww.com/tr/loadparallercon,Page doesn't exist,,
https://psu.deltaww.com/tr/loadPropoperty,Page doesn't exist,,
https://psu.deltaww.com/tr/news/”/product/din-rail-power-supply/1/lyte-ii/90”,Fixed internal link already,,
https://psu.deltaww.com/tr/news/an-in-depth-guide-selecting-or-developing-the-right-power-supply-for-medical-device,Set 301 redirect to new link,https://psu.deltaww.com/tr/industry-know-how/an-in-depth-guide-selecting-or-developing-the-right-power-supply-for-medical-device,
https://psu.deltaww.com/tr/news/choose-the-right-industrial-power-supplies-for-ev-chargers,Set 301 redirect to new link,https://psu.deltaww.com/tr/industry-know-how/choose-the-right-industrial-power-supplies-for-ev-chargers,
https://psu.deltaww.com/tr/news/cliq-24v-3-phase-power-supply31-dec-2013-eol,Set 301 redirect to new link,https://psu.deltaww.com/tr/eol/cliq-24v-3-phase-power-supply31-dec-2013-eol,
https://psu.deltaww.com/tr/news/CliQ-24V-3-Phase-Power-Supply31-Dec-2013-EOL,Set 301 redirect to new link,https://psu.deltaww.com/tr/eol/cliq-24v-3-phase-power-supply31-dec-2013-eol,
https://psu.deltaww.com/tr/news/delta-medical-power-supplies-certificate-upgrade-notice-iec-60601-1-edition-3-2,Set 301 redirect to new link,https://psu.deltaww.com/tr/product-notice/delta-medical-power-supplies-certificate-upgrade-notice-iec-60601-1-edition-3-2,
https://psu.deltaww.com/tr/news/delta-medical-power-supplies-certificate-upgrade-notice--iec-60601-1-edition-32,Set 301 redirect to new link,https://psu.deltaww.com/tr/product-notice/delta-medical-power-supplies-certificate-upgrade-notice-iec-60601-1-edition-3-2,
https://psu.deltaww.com/tr/news/Delta-Medical-Power-Supplies-Certificate-Upgrade-Notice--IEC-60601-1-Edition-32,Set 301 redirect to new link,https://psu.deltaww.com/tr/product-notice/delta-medical-power-supplies-certificate-upgrade-notice-iec-60601-1-edition-3-2,
https://psu.deltaww.com/tr/news/delta-showcases-smart--and--sustainable-solutions-at-temca-m-and-e-thailand-2023,Set 301 redirect to new link,https://psu.deltaww.com/tr/news/delta-showcases-smart-sustainable-solutions-at-temca-m-e-thailand-2023,
https://psu.deltaww.com/tr/news/drp024v240w1aa-product-upgrade-notice,Set 301 redirect to new link,https://psu.deltaww.com/tr/product-notice/drp024v240w1aa-product-upgrade-notice,
https://psu.deltaww.com/tr/news/DRP024V240W1AA-Product-Upgrade-Notice,Set 301 redirect to new link,https://psu.deltaww.com/tr/product-notice/drp024v240w1aa-product-upgrade-notice,
https://psu.deltaww.com/tr/news/eol-notification-of-led-drivers-in-lighting-applications,Set 301 redirect to new link,https://psu.deltaww.com/tr/eol/eol-notification-of-led-drivers-in-lighting-applications,
https://psu.deltaww.com/tr/news/EOL-Notification-of-LED-Drivers-in-Lighting-Applications,Set 301 redirect to new link,https://psu.deltaww.com/tr/eol/eol-notification-of-led-drivers-in-lighting-applications,
https://psu.deltaww.com/tr/news/euco-600-series-product-notice-expanded-600w-cable-type,Set 301 redirect to new link,https://psu.deltaww.com/tr/product-notice/euco-600-series-product-notice-expanded-600w-cable-type,
https://psu.deltaww.com/tr/news/industrial-power-supplies-and-led-drivers-end-of-life-eol-notice,Set 301 redirect to new link,https://psu.deltaww.com/tr/eol/industrial-power-supplies-and-led-drivers-end-of-life-eol-notice,
https://psu.deltaww.com/tr/news/leakage-current-considerations-for-medical-power-supplies,Set 301 redirect to new link,https://psu.deltaww.com/tr/industry-know-how/leakage-current-considerations-for-medical-power-supplies,
https://psu.deltaww.com/tr/news/led-drivers-end-of-life-eol-notice,Set 301 redirect to new link,https://psu.deltaww.com/tr/eol/led-drivers-end-of-life-eol-notice,
https://psu.deltaww.com/tr/news/lne-100-w---185-w-series-end-of-life-eol,Set 301 redirect to new link,https://psu.deltaww.com/tr/eol/lne-100-w-185-w-series-end-of-life-eol,
https://psu.deltaww.com/tr/news/medical-mds-250-mds-300-and-mds-400-series-product-change-notice,Set 301 redirect to new link,https://psu.deltaww.com/tr/product-notice/medical-mds-250-mds-300-and-mds-400-series-product-change-notice,
https://psu.deltaww.com/tr/news/Medical-MDS-250-MDS-300-and-MDS-400-Series-Product-Change-Notice,Set 301 redirect to new link,https://psu.deltaww.com/tr/product-notice/medical-mds-250-mds-300-and-mds-400-series-product-change-notice,
https://psu.deltaww.com/tr/news/medical-mds-400adb24-meb-750a-meb-1k5a48t-aaa-and-meb-1k2a-series-product-change-notice,Set 301 redirect to new link,https://psu.deltaww.com/tr/product-notice/medical-mds-400adb24-meb-750a-meb-1k5a48t-aaa-and-meb-1k2a-series-product-change-notice,
https://psu.deltaww.com/tr/news/medical-meb-1k5a24t-aaa-product-change-notice,Set 301 redirect to new link,https://psu.deltaww.com/tr/product-notice/medical-meb-1k5a24t-aaa-product-change-notice,
https://psu.deltaww.com/tr/news/Medical-Product-Upgrade-Notice-2022-009,Set 301 redirect to new link,https://psu.deltaww.com/tr/product-notice/medical-product-upgrade-notice-2022-009,
https://psu.deltaww.com/tr/news/medical-product-upgrade-to-chinas-latest-safety--and--emc-standards-pcn-23-006,Set 301 redirect to new link,https://psu.deltaww.com/tr/product-notice/medical-product-upgrade-to-china-s-latest-safety-emc-standards-pcn-23-006,
https://psu.deltaww.com/tr/news/Medical-Product-Upgrade-to-Chinas-Latest-Safety--and--EMC-Standards-PCN-23-006,Set 301 redirect to new link,https://psu.deltaww.com/tr/product-notice/medical-product-upgrade-to-china-s-latest-safety-emc-standards-pcn-23-006,
https://psu.deltaww.com/tr/news/medical-product-upgrade-to-china-s-latest-safety-emc-standards-pcn-23-006,Set 301 redirect to new link,https://psu.deltaww.com/tr/product-notice/medical-product-upgrade-to-china-s-latest-safety-emc-standards-pcn-23-006,
https://psu.deltaww.com/tr/news/meg-a-series-safety-mark-upgrade-notice,Set 301 redirect to new link,https://psu.deltaww.com/tr/product-notice/meg-a-series-safety-mark-upgrade-notice,
https://psu.deltaww.com/tr/news/MEG-A-Series-Safety-Mark-Upgrade-Notice,Set 301 redirect to new link,https://psu.deltaww.com/tr/product-notice/meg-a-series-safety-mark-upgrade-notice,
https://psu.deltaww.com/tr/news/new-delta-st-ard-power-supplies-catalog---leaflets-october-2018-edition-are-now-available,"Set 410 ""Gone"" status code",,
https://psu.deltaww.com/tr/news/New-Delta-St-ard-Power-Supplies-Catalog---Leaflets-October-2018-Edition-are-Now-Available,"Set 410 ""Gone"" status code",,
https://psu.deltaww.com/tr/news/open-frame-pjt-40w-mds-040aps-series-product-upgrade-notice,Set 301 redirect to new link,https://psu.deltaww.com/tr/product-notice/open-frame-pjt-40w-mds-040aps-series-product-upgrade-notice,
https://psu.deltaww.com/tr/news/outdoor-led-driver-series-end-of-life-products-eol,Set 301 redirect to new link,https://psu.deltaww.com/tr/eol/outdoor-led-driver-series-end-of-life-products-eol,
https://psu.deltaww.com/tr/news/panel-mount-pmt2-series-product-change-notice,Set 301 redirect to new link,https://psu.deltaww.com/tr/product-notice/panel-mount-pmt2-series-product-change-notice,
https://psu.deltaww.com/tr/news/Panel-Mount-PMT2-series-Product-Change-Notice,Set 301 redirect to new link,https://psu.deltaww.com/tr/product-notice/panel-mount-pmt2-series-product-change-notice,
https://psu.deltaww.com/tr/news/pj-series-product-upgrade-notice-pcn-23-005,Set 301 redirect to new link,https://psu.deltaww.com/tr/product-notice/pj-series-product-upgrade-notice-pcn-23-005,
https://psu.deltaww.com/tr/news/pmf-24v200w-series-end-of-life-eol,Set 301 redirect to new link,https://psu.deltaww.com/tr/eol/pmf-24v200w-series-end-of-life-eol,
https://psu.deltaww.com/tr/news/PMF-24V200W-Series-End-of-Life-EOL,Set 301 redirect to new link,https://psu.deltaww.com/tr/eol/pmf-24v200w-series-end-of-life-eol,
https://psu.deltaww.com/tr/news/pmt2-350w-series-upgrade-notice,Set 301 redirect to new link,https://psu.deltaww.com/tr/product-notice/pmt2-350w-series-upgrade-notice,
https://psu.deltaww.com/tr/news/pmt2-series-model-simplified,Set 301 redirect to new link,https://psu.deltaww.com/tr/product-notice/pmt2-series-model-simplified,
https://psu.deltaww.com/tr/news/PMT2-Series-Model-Simplified,Set 301 redirect to new link,https://psu.deltaww.com/tr/product-notice/pmt2-series-model-simplified,
https://psu.deltaww.com/tr/news/product-change-notice-update-of-dnv-certification-mark-on-specification-label-for-cliq-m-series,Set 301 redirect to new link,https://psu.deltaww.com/tr/product-notice/product-change-notice-update-of-dnv-certification-mark-on-specification-label-for-cliq-m-series,
https://psu.deltaww.com/tr/news/product-notice-euco-2k1200gxa-luminaire-over-temperature-protection-function-upgrade,Set 301 redirect to new link,https://psu.deltaww.com/tr/product-notice/product-notice-euco-2k1200gxa-luminaire-over-temperature-protection-function-upgrade,
https://psu.deltaww.com/tr/news/Product-Notice-EUCO-2K1200GxA-Luminaire-Over-Temperature-Protection-Function-Upgrade,Set 301 redirect to new link,https://psu.deltaww.com/tr/product-notice/product-notice-euco-2k1200gxa-luminaire-over-temperature-protection-function-upgrade,
https://psu.deltaww.com/tr/news/product-notice-ima-s2000-48-xyplx-not-recommended-for-new-projects,Set 301 redirect to new link,https://psu.deltaww.com/tr/product-notice/product-notice-ima-s2000-48-xyplx-not-recommended-for-new-projects,
https://psu.deltaww.com/tr/news/product-notice-update-screw-tightening-torque-for-panel-mount-power-supplies-pmt2---pmr-series,Set 301 redirect to new link,https://psu.deltaww.com/tr/product-notice/product-notice-update-screw-tightening-torque-for-panel-mount-power-supplies-pmt2---pmr-series,
https://psu.deltaww.com/tr/news/product-notice-update-to-the-cliq-m-series-dc-ups-modules-front-labels,Set 301 redirect to new link,https://psu.deltaww.com/tr/product-notice/product-notice-update-to-the-cliq-m-series-dc-ups-modules-front-labels,
https://psu.deltaww.com/tr/news/product-serial-number-format-change-notice-pcn-23-001,Set 301 redirect to new link,https://psu.deltaww.com/tr/product-notice/product-serial-number-format-change-notice-pcn-23-001,
https://psu.deltaww.com/tr/news/product-upgrade-implementation-of-anodized-aluminum-enclosure-for-the-pmr-pmt2-and-pmt2-eco-series,Set 301 redirect to new link,https://psu.deltaww.com/tr/product-notice/product-upgrade-implementation-of-anodized-aluminum-enclosure-for-the-pmr-pmt2-and-pmt2-eco-series,
https://psu.deltaww.com/tr/news/rohs-directive-eu-2015863,Set 301 redirect to new link,https://psu.deltaww.com/tr/product-notice/rohs-directive-eu-2015863,
https://psu.deltaww.com/tr/news/the-latest-edition-of-delta-st-ard-power-supplies-catalog-august-2013-is-now-available,"Set 410 ""Gone"" status code",,
https://psu.deltaww.com/tr/news/The-Latest-Edition-of-Delta-St-ard-Power-Supplies-Catalog-August-2013-is-Now-Available,"Set 410 ""Gone"" status code",,
https://psu.deltaww.com/tr/news/Worlds-First-Augmented-Reality-AR-Power-Supply-Catalog-Now-Available,"Set 410 ""Gone"" status code",,
https://psu.deltaww.com/tr/news/worlds-first-augmented-reality-ar-power-supply-catalog-now-available,"Set 410 ""Gone"" status code",,
https://psu.deltaww.com/tr/news/www.DeltaPSU.com,TWJoin to suggest what to do,,
https://psu.deltaww.com/tr/product/,Page doesn't exist,,
"https://psu.deltaww.com/tr/products/download/UL/?ÿ</font></b></nobr></div></span></font><font 
size=3 face=",TWJoin to suggest what to do,,
"https://psu.deltaww.com/tr/products/enclosed/products/open-frame-power-supply/MEP-200A24J 
CNA",Fixed internal link already,,
"https://psu.deltaww.com/tr/products/panel-mount-power-supply/products/open-frame-power-supply/MEP-200A24J 
CNA",Fixed internal link already,,
https://psu.deltaww.com/tr/RemovedataInSection,Page doesn't exist,,
https://psu.deltaww.com/tr/savepdfConfig,Page doesn't exist,,
https://psu.deltaww.com/tr/searchAll/,Page doesn't exist,,
https://psu.deltaww.com/tr/searchByOptionalModel/,Page doesn't exist,,
https://psu.deltaww.com/tr/searchByTag/,Page doesn't exist,,
https://psu.deltaww.com/tr/searchDocManualByModelId,Page doesn't exist,,
https://psu.deltaww.com/tr/searhstate,Page doesn't exist,,
https://psu.deltaww.com/tr/setlocaltion,Page doesn't exist,,
https://psu.deltaww.com/tw/checkProductSection,Page doesn't exist,,
https://psu.deltaww.com/tw/clearproductsection,Page doesn't exist,,
https://psu.deltaww.com/tw/delta-expands-the-cliq-m-series-power-supply-with-new-dc-ups-and-battery-modules-for-uninterruptible-systems,Set 301 redirect to new link,https://psu.deltaww.com/tw/news/delta-expands-the-cliq-m-series-power-supply-with-new-dc-ups-and-battery-modules-for-uninterruptible-systems,
https://psu.deltaww.com/tw/eol/LNE-100-W---185-W-Series-End-of-Life-EOL,Set 301 redirect to new link,https://psu.deltaww.com/tw/eol/lne-100-w-185-w-series-end-of-life-eol,
https://psu.deltaww.com/tw/eol/lne-100-w---185-w-series-end-of-life-eol,Set 301 redirect to new link,https://psu.deltaww.com/tw/eol/lne-100-w-185-w-series-end-of-life-eol,
https://psu.deltaww.com/tw/events/product=,Page doesn't exist,,
https://psu.deltaww.com/tw/getProductByType,Page doesn't exist,,
https://psu.deltaww.com/tw/loaddocumentPro,Page doesn't exist,,
https://psu.deltaww.com/tw/loadparallercon,Page doesn't exist,,
https://psu.deltaww.com/tw/loadPropoperty,Page doesn't exist,,
https://psu.deltaww.com/tw/news/cliq-24v-3-phase-power-supply31-dec-2013-eol,Set 301 redirect to new link,https://psu.deltaww.com/tw/eol/cliq-24v-3-phase-power-supply31-dec-2013-eol,
https://psu.deltaww.com/tw/news/CliQ-24V-3-Phase-Power-Supply31-Dec-2013-EOL,Set 301 redirect to new link,https://psu.deltaww.com/tw/eol/cliq-24v-3-phase-power-supply31-dec-2013-eol,
https://psu.deltaww.com/tw/news/cliq-and-pmc-series-end-of-life-eol,Set 301 redirect to new link,https://psu.deltaww.com/tw/eol/cliq-and-pmc-series-end-of-life-eol,
https://psu.deltaww.com/tw/news/CliQ-and-PMC-Series-End-of-Life-EOL,Set 301 redirect to new link,https://psu.deltaww.com/tw/eol/cliq-and-pmc-series-end-of-life-eol,
https://psu.deltaww.com/tw/news/daisy-chaining-for-parallel-connection-of-din-rail-power-supplies-considerations-and-limitations,Set 301 redirect to new link,https://psu.deltaww.com/tw/industry-know-how/daisy-chaining-for-parallel-connection-of-din-rail-power-supplies-considerations-and-limitations,
https://psu.deltaww.com/tw/news/Delta-Industrial-Power-Supply-Certificate-Upgrade-Notice,Set 301 redirect to new link,https://psu.deltaww.com/tw/product-notice/delta-industrial-power-supply-certificate-upgrade-notice,
https://psu.deltaww.com/tw/news/delta-industrial-power-supply-certificate-upgrade-notice-2022-012,Set 301 redirect to new link,https://psu.deltaww.com/tw/product-notice/delta-industrial-power-supply-certificate-upgrade-notice-2022-012,
https://psu.deltaww.com/tw/news/Delta-Industrial-Power-Supply-Certificate-Upgrade-Notice-2022-012,Set 301 redirect to new link,https://psu.deltaww.com/tw/product-notice/delta-industrial-power-supply-certificate-upgrade-notice-2022-012,
https://psu.deltaww.com/tw/news/delta-industrial-power-supply-product-change-notice-2022-005,Set 301 redirect to new link,https://psu.deltaww.com/tw/product-notice/delta-industrial-power-supply-product-change-notice-2022-005,
https://psu.deltaww.com/tw/news/Delta-Industrial-Power-Supply-Product-Change-Notice-2022-005,Set 301 redirect to new link,https://psu.deltaww.com/tw/product-notice/delta-industrial-power-supply-product-change-notice-2022-005,
https://psu.deltaww.com/tw/news/delta-introduces-the-new-2000-w-model-for-the-ima-plus-series-power-supply-with-3000-w-peak-power,Set 301 redirect to new link,https://psu.deltaww.com/tw/news/delta-introduces-the-new-2-000-w-model-for-the-ima-plus-series-power-supply-with-3-000-w-peak-power,
https://psu.deltaww.com/tw/news/Delta-Introduces-the-New-2000-W-Model-for-the-IMA-PLUS-Series-Power-Supply-with-3000-W-Peak-Power,Set 301 redirect to new link,https://psu.deltaww.com/tw/news/delta-introduces-the-new-2-000-w-model-for-the-ima-plus-series-power-supply-with-3-000-w-peak-power,
https://psu.deltaww.com/tw/news/delta-led-drivers-usco-pro-and-usc4-pro-series--new-320-w-and-600-w-models-for-harsh-and-industrial-environments,Set 301 redirect to new link,https://psu.deltaww.com/tw/news/delta-led-drivers-usco-pro-and-usc4-pro-series-new-320-w-and-600-w-models-for-harsh-and-industrial-environments,
https://psu.deltaww.com/tw/news/Delta-LED-Drivers-USCO-PRO-and-USC4-PRO-Series--New-320-W-and-600-W-Models-for-Harsh-and-Industrial-Environments,Set 301 redirect to new link,https://psu.deltaww.com/tw/news/delta-led-drivers-usco-pro-and-usc4-pro-series-new-320-w-and-600-w-models-for-harsh-and-industrial-environments,
https://psu.deltaww.com/tw/news/delta-medical-power-supplies-certificate-upgrade-notice--iec-60601-1-edition-32,Set 301 redirect to new link,https://psu.deltaww.com/tw/product-notice/delta-medical-power-supplies-certificate-upgrade-notice-iec-60601-1-edition-3-2,
https://psu.deltaww.com/tw/news/Delta-Medical-Power-Supplies-Certificate-Upgrade-Notice--IEC-60601-1-Edition-32,Set 301 redirect to new link,https://psu.deltaww.com/tw/product-notice/delta-medical-power-supplies-certificate-upgrade-notice-iec-60601-1-edition-3-2,
https://psu.deltaww.com/tw/news/delta-medical-power-supply-certificate-upgrade-notice,Set 301 redirect to new link,https://psu.deltaww.com/tw/product-notice/delta-medical-power-supply-certificate-upgrade-notice,
https://psu.deltaww.com/tw/news/delta-product-label-trademark-update-and-the-removal-of-representative-address,Set 301 redirect to new link,https://psu.deltaww.com/tw/product-notice/delta-product-label-trademark-update-and-the-removal-of-representative-address,
https://psu.deltaww.com/tw/news/Delta-Product-Label-Trademark-Update-and-the-Removal-of-Representative-Address,Set 301 redirect to new link,https://psu.deltaww.com/tw/product-notice/delta-product-label-trademark-update-and-the-removal-of-representative-address,
https://psu.deltaww.com/tw/news/DeltaPSU-iPad-App-Launch-Announcement,"Set 410 ""Gone"" status code",,
https://psu.deltaww.com/tw/news/deltapsu-ipad-app-launch-announcement,"Set 410 ""Gone"" status code",,
https://psu.deltaww.com/tw/news/deltapsu-iphone-app-launch-announcement,"Set 410 ""Gone"" status code",,
https://psu.deltaww.com/tw/news/DeltaPSU-iPhone-App-Launch-Announcement,"Set 410 ""Gone"" status code",,
https://psu.deltaww.com/tw/news/din-rail-lyte-ii-120w-and-240w-series-product-change-notice,Set 301 redirect to new link,https://psu.deltaww.com/tw/product-notice/din-rail-lyte-ii-120w-and-240w-series-product-change-notice,
https://psu.deltaww.com/tw/news/drp024v240w1aa-product-upgrade-notice,Set 301 redirect to new link,https://psu.deltaww.com/tw/product-notice/drp024v240w1aa-product-upgrade-notice,
https://psu.deltaww.com/tw/news/EOL-Notification-of-LED-Drivers-in-Lighting-Applications,Set 301 redirect to new link,https://psu.deltaww.com/tw/eol/eol-notification-of-led-drivers-in-lighting-applications,
https://psu.deltaww.com/tw/news/eol-notification-of-led-drivers-in-lighting-applications,Set 301 redirect to new link,https://psu.deltaww.com/tw/eol/eol-notification-of-led-drivers-in-lighting-applications,
https://psu.deltaww.com/tw/news/force-gt-series-product-notice-introduction-of-spring-clamp-connector-models-and-implementation-of-dc-input,Set 301 redirect to new link,https://psu.deltaww.com/tw/product-notice/force-gt-series-product-notice-introduction-of-spring-clamp-connector-models-and-implementation-of-dc-input,
https://psu.deltaww.com/tw/news/Force-GT-Series-Product-Notice-Introduction-of-Spring-Clamp-Connector-Models-and-Implementation-of-DC-Input,Set 301 redirect to new link,https://psu.deltaww.com/tw/product-notice/force-gt-series-product-notice-introduction-of-spring-clamp-connector-models-and-implementation-of-dc-input,
https://psu.deltaww.com/tw/news/industrial-power-supplies-and-led-drivers-end-of-life-eol-notice,Set 301 redirect to new link,https://psu.deltaww.com/tw/eol/industrial-power-supplies-and-led-drivers-end-of-life-eol-notice,
https://psu.deltaww.com/tw/news/introducing-the-new-deltapsu-homepage,"Set 410 ""Gone"" status code",,
https://psu.deltaww.com/tw/news/isolation-level-and-emc-considerations-for-medical-power-supplies,Set 301 redirect to new link,https://psu.deltaww.com/tw/industry-know-how/isolation-level-and-emc-considerations-for-medical-power-supplies,
https://psu.deltaww.com/tw/news/led-drivers-end-of-life-eol-notice,Set 301 redirect to new link,https://psu.deltaww.com/tw/eol/led-drivers-end-of-life-eol-notice,
https://psu.deltaww.com/tw/news/mds-060aas-series-end-of-life-eol,Set 301 redirect to new link,https://psu.deltaww.com/tw/eol/mds-060aas-series-end-of-life-eol,
https://psu.deltaww.com/tw/news/MDS-060AAS-series-End-of-Life-EOL,Set 301 redirect to new link,https://psu.deltaww.com/tw/eol/mds-060aas-series-end-of-life-eol,
https://psu.deltaww.com/tw/news/Medical-Adapter-Upgrade-Notice-MEA-250A24C-H-A,Set 301 redirect to new link,https://psu.deltaww.com/tw/product-notice/medical-adapter-upgrade-notice-mea-250a24c-h-a,
https://psu.deltaww.com/tw/news/medical-mds-250-mds-300-and-mds-400-series-product-change-notice,Set 301 redirect to new link,https://psu.deltaww.com/tw/product-notice/medical-mds-250-mds-300-and-mds-400-series-product-change-notice,
https://psu.deltaww.com/tw/news/Medical-MDS-250-MDS-300-and-MDS-400-Series-Product-Change-Notice,Set 301 redirect to new link,https://psu.deltaww.com/tw/product-notice/medical-mds-250-mds-300-and-mds-400-series-product-change-notice,
https://psu.deltaww.com/tw/news/medical-mds-400adb24-meb-750a-meb-1k5a48t-aaa-and-meb-1k2a-series-product-change-notice,Set 301 redirect to new link,https://psu.deltaww.com/tw/product-notice/medical-mds-400adb24-meb-750a-meb-1k5a48t-aaa-and-meb-1k2a-series-product-change-notice,
https://psu.deltaww.com/tw/news/medical-mea-065a12c-mea-065a15c-mea-065a19c-and-mea-065a24c-series-upgrade-notice,Set 301 redirect to new link,https://psu.deltaww.com/tw/product-notice/medical-mea-065a12c-mea-065a15c-mea-065a19c-and-mea-065a24c-series-upgrade-notice,
https://psu.deltaww.com/tw/news/Medical-Product-Upgrade-to-Chinas-Latest-Safety--and--EMC-Standards-PCN-23-006,Set 301 redirect to new link,https://psu.deltaww.com/tw/product-notice/medical-product-upgrade-to-china-s-latest-safety-emc-standards-pcn-23-006,
https://psu.deltaww.com/tw/news/medical-product-upgrade-to-chinas-latest-safety--and--emc-standards-pcn-23-006,Set 301 redirect to new link,https://psu.deltaww.com/tw/product-notice/medical-product-upgrade-to-china-s-latest-safety-emc-standards-pcn-23-006,
https://psu.deltaww.com/tw/news/medical-product-upgrade-to-china-s-latest-safety-emc-standards-pcn-23-006,Set 301 redirect to new link,https://psu.deltaww.com/tw/product-notice/medical-product-upgrade-to-china-s-latest-safety-emc-standards-pcn-23-006,
https://psu.deltaww.com/tw/news/MEG-A-Series-Safety-Mark-Upgrade-Notice,Set 301 redirect to new link,https://psu.deltaww.com/tw/product-notice/meg-a-series-safety-mark-upgrade-notice,
https://psu.deltaww.com/tw/news/meg-a-series-safety-mark-upgrade-notice,Set 301 redirect to new link,https://psu.deltaww.com/tw/product-notice/meg-a-series-safety-mark-upgrade-notice,
https://psu.deltaww.com/tw/news/new-delta-st-ard-power-supplies-catalog---leaflets-october-2017-edition-are-now-available,"Set 410 ""Gone"" status code",,
https://psu.deltaww.com/tw/news/outdoor-led-driver-series-end-of-life-products-eol,Set 301 redirect to new link,https://psu.deltaww.com/tw/eol/outdoor-led-driver-series-end-of-life-products-eol,
https://psu.deltaww.com/tw/news/panel-mount-pmt2-series-product-change-notice,Set 301 redirect to new link,https://psu.deltaww.com/tw/product-notice/panel-mount-pmt2-series-product-change-notice,
https://psu.deltaww.com/tw/news/Panel-Mount-PMT2-series-Product-Change-Notice,Set 301 redirect to new link,https://psu.deltaww.com/tw/product-notice/panel-mount-pmt2-series-product-change-notice,
https://psu.deltaww.com/tw/news/parallel-operation-of-power-supplies-with-user-systems,Set 301 redirect to new link,https://psu.deltaww.com/tw/industry-know-how/parallel-operation-of-power-supplies-with-user-systems,
https://psu.deltaww.com/tw/news/pj-series-product-upgrade-notice-pcn-23-005,Set 301 redirect to new link,https://psu.deltaww.com/tw/product-notice/pj-series-product-upgrade-notice-pcn-23-005,
https://psu.deltaww.com/tw/news/PJ-Series-Product-Upgrade-Notice-PCN-23-005,Set 301 redirect to new link,https://psu.deltaww.com/tw/product-notice/pj-series-product-upgrade-notice-pcn-23-005,
https://psu.deltaww.com/tw/news/pmh-series-end-of-life-eol,Set 301 redirect to new link,https://psu.deltaww.com/tw/eol/pmh-series-end-of-life-eol,
https://psu.deltaww.com/tw/news/pmt2-350w-series-upgrade-notice,Set 301 redirect to new link,https://psu.deltaww.com/tw/product-notice/pmt2-350w-series-upgrade-notice,
https://psu.deltaww.com/tw/news/PMT2-350W-Series-Upgrade-Notice,Set 301 redirect to new link,https://psu.deltaww.com/tw/product-notice/pmt2-350w-series-upgrade-notice,
https://psu.deltaww.com/tw/news/pmt2-series-model-simplified,Set 301 redirect to new link,https://psu.deltaww.com/tw/product-notice/pmt2-series-model-simplified,
https://psu.deltaww.com/tw/news/product-change-notice-of-arena-sport-series-euco-1k0140gla-and-euco-1k0140gda-pcn-23-008,Set 301 redirect to new link,https://psu.deltaww.com/tw/product-notice/product-change-notice-of-arena-sport-series-euco-1k0140gla-and-euco-1k0140gda-pcn-23-008,
https://psu.deltaww.com/tw/news/Product-Change-Notice-of-Arena-Sport-Series-EUCO-1K0140GLA-and-EUCO-1K0140GDA-PCN-23-008,Set 301 redirect to new link,https://psu.deltaww.com/tw/product-notice/product-change-notice-of-arena-sport-series-euco-1k0140gla-and-euco-1k0140gda-pcn-23-008,
https://psu.deltaww.com/tw/news/product-change-notice-of-arena-sport-series-led-drivers,Set 301 redirect to new link,https://psu.deltaww.com/tw/product-notice/product-change-notice-of-arena-sport-series-led-drivers,
https://psu.deltaww.com/tw/news/product-change-notice-of-firmware-update-by-adding-new-features-pcn-23-004,Set 301 redirect to new link,https://psu.deltaww.com/tw/product-notice/product-change-notice-of-firmware-update-by-adding-new-features-pcn-23-004,
https://psu.deltaww.com/tw/news/product-change-notice-update-of-dnv-certification-mark-on-specification-label-for-cliq-m-series,Set 301 redirect to new link,https://psu.deltaww.com/tw/product-notice/product-change-notice-update-of-dnv-certification-mark-on-specification-label-for-cliq-m-series,
https://psu.deltaww.com/tw/news/product-notice-relocation-of-standard-industrial-power-supplies-manufacturing,Set 301 redirect to new link,https://psu.deltaww.com/tw/product-notice/product-notice-relocation-of-standard-industrial-power-supplies-manufacturing,
https://psu.deltaww.com/tw/news/product-notice-update-screw-tightening-torque-for-panel-mount-power-supplies-pmt2---pmr-series,Set 301 redirect to new link,https://psu.deltaww.com/tw/product-notice/product-notice-update-screw-tightening-torque-for-panel-mount-power-supplies-pmt2---pmr-series,
https://psu.deltaww.com/tw/news/Product-Notice-Update-Screw-Tightening-Torque-for-Panel-Mount-Power-Supplies-PMT2---PMR-Series,Set 301 redirect to new link,https://psu.deltaww.com/tw/product-notice/product-notice-update-screw-tightening-torque-for-panel-mount-power-supplies-pmt2---pmr-series,
https://psu.deltaww.com/tw/news/product-notice-update-to-the-cliq-m-series-dc-ups-modules-front-labels,Set 301 redirect to new link,https://psu.deltaww.com/tw/product-notice/product-notice-update-to-the-cliq-m-series-dc-ups-modules-front-labels,
https://psu.deltaww.com/tw/news/product-serial-number-format-change-notice-pcn-23-001,Set 301 redirect to new link,https://psu.deltaww.com/tw/product-notice/product-serial-number-format-change-notice-pcn-23-001,
https://psu.deltaww.com/tw/news/Product-Serial-Number-Format-Change-Notice-PCN-23-001,Set 301 redirect to new link,https://psu.deltaww.com/tw/product-notice/product-serial-number-format-change-notice-pcn-23-001,
https://psu.deltaww.com/tw/news/product-upgrade-implementation-of-anodized-aluminum-enclosure-for-the-pmr-pmt2-and-pmt2-eco-series,Set 301 redirect to new link,https://psu.deltaww.com/tw/product-notice/product-upgrade-implementation-of-anodized-aluminum-enclosure-for-the-pmr-pmt2-and-pmt2-eco-series,
https://psu.deltaww.com/tw/news/product-upgrade-implementation-of-grille-design-for-pms-series-pmr-xxv1k5w,Set 301 redirect to new link,https://psu.deltaww.com/tw/product-notice/product-upgrade-implementation-of-grille-design-for-pms-series-pmr-xxv1k5w,
https://psu.deltaww.com/tw/news/product-upgrade-notice-enhanced-certifications-and-optimized-functions-for-delta-industrial-power-supplies-and-modules,Set 301 redirect to new link,https://psu.deltaww.com/tw/product-notice/product-upgrade-notice-enhanced-certifications-and-optimized-functions-for-delta-industrial-power-supplies-and-modules,
https://psu.deltaww.com/tw/news/product-upgrade-notice-improved-surge-immunity-for-the-force-gt-series-3-phase-models,Set 301 redirect to new link,https://psu.deltaww.com/tw/product-notice/product-upgrade-notice-improved-surge-immunity-for-the-force-gt-series-3-phase-models,
https://psu.deltaww.com/tw/news/product-upgrade-notice-planned-implementation-of-plastic-free-packaging-materials-for-industrial-power-supplies,Set 301 redirect to new link,https://psu.deltaww.com/tw/product-notice/product-upgrade-notice-planned-implementation-of-plastic-free-packaging-materials-for-industrial-power-supplies,
https://psu.deltaww.com/tw/news/product-upgrade-notice-pmr-12v320w1at-and-pmr-24v320w1at-product-optimization,Set 301 redirect to new link,https://psu.deltaww.com/tw/product-notice/product-upgrade-notice-pmr-12v320w1at-and-pmr-24v320w1at-product-optimization,
https://psu.deltaww.com/tw/news/product-upgrade-notice-pmr-series-and-force-gt-series-24v-480w-3-phase-product-optimization,Set 301 redirect to new link,https://psu.deltaww.com/tw/product-notice/product-upgrade-notice-pmr-series-and-force-gt-series-24v-480w-3-phase-product-optimization,
https://psu.deltaww.com/tw/news/rohs-directive-eu-2015863,Set 301 redirect to new link,https://psu.deltaww.com/tw/product-notice/rohs-directive-eu-2015863,
https://psu.deltaww.com/tw/news/RoHS-Directive-EU-2015863,Set 301 redirect to new link,https://psu.deltaww.com/tw/product-notice/rohs-directive-eu-2015863,
https://psu.deltaww.com/tw/news/standard-industrial-power-supply-production-transfer--from-wujiang-to-dongguan-china-2022-004,Set 301 redirect to new link,https://psu.deltaww.com/tw/product-notice/standard-industrial-power-supply-production-transfer--from-wujiang-to-dongguan-china-2022-004,
https://psu.deltaww.com/tw/news/Standard-Industrial-Power-Supply-Production-Transfer--From-Wujiang-to-Dongguan-China-2022-004,Set 301 redirect to new link,https://psu.deltaww.com/tw/product-notice/standard-industrial-power-supply-production-transfer--from-wujiang-to-dongguan-china-2022-004,
https://psu.deltaww.com/tw/news/three-year-warranty-extension-for-select-delta-power-supplies,Set 301 redirect to new link,https://psu.deltaww.com/tw/product-notice/three-year-warranty-extension-for-select-delta-power-supplies,
https://psu.deltaww.com/tw/news/Three-Year-Warranty-Extension-for-Select-Delta-Power-Supplies,Set 301 redirect to new link,https://psu.deltaww.com/tw/product-notice/three-year-warranty-extension-for-select-delta-power-supplies,
https://psu.deltaww.com/tw/news/Ultra-Slim-DIN-Rail-Power-Supply-LYTE-II-Series--New-480-W-Model-Save-Cabinet-Installation-Space,Set 301 redirect to new link,https://psu.deltaww.com/tw/news/ultra-slim-din-rail-power-supply-lyte-ii-series-new-480-w-model-save-cabinet-installation-space,
https://psu.deltaww.com/tw/news/ultra-slim-din-rail-power-supply-lyte-ii-series--new-480-w-model-save-cabinet-installation-space,Set 301 redirect to new link,https://psu.deltaww.com/tw/news/ultra-slim-din-rail-power-supply-lyte-ii-series-new-480-w-model-save-cabinet-installation-space,
https://psu.deltaww.com/tw/product/,Page doesn't exist,,
"https://psu.deltaww.com/tw/products/enclosed/products/open-frame-power-supply/MEP-200A24J 
CNA",Fixed internal link already,,
https://psu.deltaww.com/tw/RemovedataInSection,Page doesn't exist,,
https://psu.deltaww.com/tw/searchAll/,Page doesn't exist,,
https://psu.deltaww.com/tw/searchByOptionalModel/,Page doesn't exist,,
https://psu.deltaww.com/tw/searchByTag/,Page doesn't exist,,
https://psu.deltaww.com/tw/searchDocByModelId,Page doesn't exist,,
https://psu.deltaww.com/tw/searhProductByType,Page doesn't exist,,
https://psu.deltaww.com/tw/searhstate,Page doesn't exist,,
https://psu.deltaww.com/tw/setlocaltion,Page doesn't exist,,
https://psu.deltaww.com/tw/tag_product,Page doesn't exist,,
https://psu.deltaww.com/upload/thumbs/,Page doesn't exist,,
https://psu.deltaww.com/uploads_delta/65701f3ed6bd6PCN-23-006_CHS_Delta_MPS_STD_Product_Notice_UpgradetoChina'sLatestSafety&EMCStandards_20231019.pdf,File doesn't exist,,
https://psu.deltaww.com/uploads_delta/657bf57365959657bc18154fc265701e8d220cfPCN-23-006_EN_Delta_MPS_STD_Product_Notice_UpgradetoChina'sLatestSafetyEMCStandards_20231019.pdf,File doesn't exist,,
https://psu.deltaww.com/uploads_delta/65dfd8b76a97aAnIn-depthGuide-SelectingorDevelopingtheRightPowerSupplyforMedicalDevices.pdf,File doesn't exist,,
https://psu.deltaww.com/uploads_delta/news_201508141439546438796483.pdf,File doesn't exist,,
https://psu.deltaww.com/en/en,TWJoin to suggest what to do. New error crawled on 3/19-21,,
https://psu.deltaww.com/de/jp,TWJoin to suggest what to do. New error crawled on 3/19-21,,
https://psu.deltaww.com/en/tw,TWJoin to suggest what to do. New error crawled on 3/19-21,,
https://psu.deltaww.com/cn/tw,TWJoin to suggest what to do. New error crawled on 3/19-21,,
https://psu.deltaww.com/en/de,TWJoin to suggest what to do. New error crawled on 3/19-21,,
https://psu.deltaww.com/de/de,TWJoin to suggest what to do. New error crawled on 3/19-21,,
https://psu.deltaww.com/cn/de,TWJoin to suggest what to do. New error crawled on 3/19-21,,
https://psu.deltaww.com/de/en,TWJoin to suggest what to do. New error crawled on 3/19-21,,
https://psu.deltaww.com/cn/en,TWJoin to suggest what to do. New error crawled on 3/19-21,,
https://psu.deltaww.com/cn/cn,TWJoin to suggest what to do. New error crawled on 3/19-21,,
https://psu.deltaww.com/en/index.php/cn,TWJoin to suggest what to do. New error crawled on 3/19-21,,
https://psu.deltaww.com/de/cn,TWJoin to suggest what to do. New error crawled on 3/19-21,,
https://psu.deltaww.com/en/cn,TWJoin to suggest what to do. New error crawled on 3/19-21,,
https://psu.deltaww.com/en/jp,TWJoin to suggest what to do. New error crawled on 3/19-21,,
https://psu.deltaww.com/jp/jp,TWJoin to suggest what to do. New error crawled on 3/19-21,,
https://psu.deltaww.com/cn/jp,TWJoin to suggest what to do. New error crawled on 3/19-21,,
https://psu.deltaww.com/tr/jp,TWJoin to suggest what to do. New error crawled on 3/19-21,,
https://psu.deltaww.com/tw/jp,TWJoin to suggest what to do. New error crawled on 3/19-21,,
https://psu.deltaww.com/tw/tw,TWJoin to suggest what to do. New error crawled on 3/19-21,,
https://psu.deltaww.com/de/tw,TWJoin to suggest what to do. New error crawled on 3/19-21,,
https://psu.deltaww.com/tr/tw,TWJoin to suggest what to do. New error crawled on 3/19-21,,
https://psu.deltaww.com/jp/tw,TWJoin to suggest what to do. New error crawled on 3/19-21,,
https://psu.deltaww.com/cn/tr,TWJoin to suggest what to do. New error crawled on 3/19-21,,
https://psu.deltaww.com/jp/tr,TWJoin to suggest what to do. New error crawled on 3/19-21,,
https://psu.deltaww.com/de/tr,TWJoin to suggest what to do. New error crawled on 3/19-21,,
https://psu.deltaww.com/en/tr,TWJoin to suggest what to do. New error crawled on 3/19-21,,
https://psu.deltaww.com/tr/tr,TWJoin to suggest what to do. New error crawled on 3/19-21,,
https://psu.deltaww.com/tw/tr,TWJoin to suggest what to do. New error crawled on 3/19-21,,
https://psu.deltaww.com/jp/cn,TWJoin to suggest what to do. New error crawled on 3/19-21,,
https://psu.deltaww.com/tr/cn,TWJoin to suggest what to do. New error crawled on 3/19-21,,
https://psu.deltaww.com/tw/cn,TWJoin to suggest what to do. New error crawled on 3/19-21,,
https://psu.deltaww.com/jp/en,TWJoin to suggest what to do. New error crawled on 3/19-21,,
https://psu.deltaww.com/tr/en,TWJoin to suggest what to do. New error crawled on 3/19-21,,
https://psu.deltaww.com/tw/en,TWJoin to suggest what to do. New error crawled on 3/19-21,,
